graph,N,rho,eps,seed,unsat_floor
er,100,0.0,0.0,40000000,0.0
er,100,0.0,0.0,40000001,0.09225130890052352
er,100,0.0,0.0,40000002,0.00031914893617021275
er,100,0.0,0.0,40000003,0.00011627906976744185
er,100,0.0,0.0,40000004,0.0
er,100,0.0,0.0,40000005,0.07796116504854365
er,100,0.0,0.0,40000006,0.000864864864864865
er,100,0.0,0.0,40000007,0.0
er,100,0.25,0.0,40000008,0.18427860696517398
er,100,0.25,0.0,40000009,0.1720202020202018
er,100,0.25,0.0,40000010,0.1711475409836066
er,100,0.25,0.0,40000011,0.1669117647058824
er,100,0.25,0.0,40000012,0.15226804123711354
er,100,0.25,0.0,40000013,0.17488038277511944
er,100,0.25,0.0,40000014,0.1431318681318683
er,100,0.25,0.0,40000015,0.1515340909090908
er,100,0.5,0.0,40000016,0.1381871345029241
er,100,0.5,0.0,40000017,0.16859223300970885
er,100,0.5,0.0,40000018,0.1653005464480875
er,100,0.5,0.0,40000019,0.16940217391304357
er,100,0.5,0.0,40000020,0.1812616822429907
er,100,0.5,0.0,40000021,0.15460674157303378
er,100,0.5,0.0,40000022,0.16336842105263152
er,100,0.5,0.0,40000023,0.1654973821989528
er,400,0.0,0.0,40000024,5.0125313283208015e-05
er,400,0.0,0.0,40000025,2.551020408163265e-05
er,400,0.0,0.0,40000026,5.0632911392405066e-05
er,400,0.0,0.0,40000027,0.0001239157372986369
er,400,0.0,0.0,40000028,2.4906600249066003e-05
er,400,0.0,0.0,40000029,0.00010012515644555694
er,400,0.0,0.0,40000030,0.09748502994011975
er,400,0.0,0.0,40000031,4.830917874396135e-05
er,400,0.25,0.0,40000032,0.17107868020304573
er,400,0.25,0.0,40000033,0.16567852437417663
er,400,0.25,0.0,40000034,0.1798104265402842
er,400,0.25,0.0,40000035,0.17691463414634145
er,400,0.25,0.0,40000036,0.1784273709483792
er,400,0.25,0.0,40000037,0.15275
er,400,0.25,0.0,40000038,0.16534177215189888
er,400,0.25,0.0,40000039,0.1737362637362638
er,400,0.5,0.0,40000040,0.16535575679172065
er,400,0.5,0.0,40000041,0.16807788944723623
er,400,0.5,0.0,40000042,0.16964285714285715
er,400,0.5,0.0,40000043,0.15715425531914884
er,400,0.5,0.0,40000044,0.17328496042216365
er,400,0.5,0.0,40000045,0.16790243902439023
er,400,0.5,0.0,40000046,0.1670946822308691
er,400,0.5,0.0,40000047,0.17664611590628854
er,1600,0.0,0.0,40000048,4.510309278350515e-05
er,1600,0.0,0.0,40000049,0.08415588513726727
er,1600,0.0,0.0,40000050,8.047044258743421e-05
er,1600,0.0,0.0,40000051,0.0869561157796452
er,1600,0.0,0.0,40000052,6.738131699846862e-05
er,1600,0.0,0.0,40000053,0.0007165012406947898
er,1600,0.0,0.0,40000054,8.945095619987662e-05
er,1600,0.0,0.0,40000055,0.00020433058859408365
er,1600,0.25,0.0,40000056,0.17617431192660543
er,1600,0.25,0.0,40000057,0.16509637373407382
er,1600,0.25,0.0,40000058,0.16838820947005342
er,1600,0.25,0.0,40000059,0.17153917910447763
er,1600,0.25,0.0,40000060,0.17185951708999686
er,1600,0.25,0.0,40000061,0.16877198592900547
er,1600,0.25,0.0,40000062,0.17012326656394453
er,1600,0.25,0.0,40000063,0.1684900831733846
er,1600,0.5,0.0,40000064,0.16789439793947186
er,1600,0.5,0.0,40000065,0.1712741433021807
er,1600,0.5,0.0,40000066,0.17240815066378506
er,1600,0.5,0.0,40000067,0.17200062421972537
er,1600,0.5,0.0,40000068,0.16840607210626182
er,1600,0.5,0.0,40000069,0.17492825951341234
er,1600,0.5,0.0,40000070,0.17383749999999995
er,1600,0.5,0.0,40000071,0.17327842888818507
rrg,100,0.0,0.0,40000072,0.0
rrg,100,0.0,0.0,40000073,0.0
rrg,100,0.0,0.0,40000074,0.0
rrg,100,0.0,0.0,40000075,0.0
rrg,100,0.0,0.0,40000076,0.0
rrg,100,0.0,0.0,40000077,0.0
rrg,100,0.0,0.0,40000078,0.0
rrg,100,0.0,0.0,40000079,0.0
rrg,100,0.25,0.0,40000080,0.1449999999999998
rrg,100,0.25,0.0,40000081,0.15000000000000013
rrg,100,0.25,0.0,40000082,0.15500000000000008
rrg,100,0.25,0.0,40000083,0.15500000000000008
rrg,100,0.25,0.0,40000084,0.15000000000000013
rrg,100,0.25,0.0,40000085,0.1449999999999998
rrg,100,0.25,0.0,40000086,0.165
rrg,100,0.25,0.0,40000087,0.16000000000000006
rrg,100,0.5,0.0,40000088,0.15500000000000008
rrg,100,0.5,0.0,40000089,0.1399999999999999
rrg,100,0.5,0.0,40000090,0.15500000000000008
rrg,100,0.5,0.0,40000091,0.14920000000000003
rrg,100,0.5,0.0,40000092,0.15500000000000008
rrg,100,0.5,0.0,40000093,0.16000000000000006
rrg,100,0.5,0.0,40000094,0.15500000000000008
rrg,100,0.5,0.0,40000095,0.1399999999999999
rrg,400,0.0,0.0,40000096,0.0
rrg,400,0.0,0.0,40000097,0.0
rrg,400,0.0,0.0,40000098,0.0
rrg,400,0.0,0.0,40000099,0.0
rrg,400,0.0,0.0,40000100,0.0
rrg,400,0.0,0.0,40000101,0.0
rrg,400,0.0,0.0,40000102,0.0
rrg,400,0.0,0.0,40000103,0.0
rrg,400,0.25,0.0,40000104,0.14917499999999997
rrg,400,0.25,0.0,40000105,0.15000000000000013
rrg,400,0.25,0.0,40000106,0.1412500000000001
rrg,400,0.25,0.0,40000107,0.15177500000000005
rrg,400,0.25,0.0,40000108,0.14377499999999993
rrg,400,0.25,0.0,40000109,0.15500000000000008
rrg,400,0.25,0.0,40000110,0.1524999999999999
rrg,400,0.25,0.0,40000111,0.14874999999999988
rrg,400,0.5,0.0,40000112,0.14374999999999988
rrg,400,0.5,0.0,40000113,0.1475
rrg,400,0.5,0.0,40000114,0.14250000000000004
rrg,400,0.5,0.0,40000115,0.14625000000000013
rrg,400,0.5,0.0,40000116,0.1488499999999999
rrg,400,0.5,0.0,40000117,0.14847499999999994
rrg,400,0.5,0.0,40000118,0.14487499999999984
rrg,400,0.5,0.0,40000119,0.14625000000000013
rrg,1600,0.0,0.0,40000120,0.0
rrg,1600,0.0,0.0,40000121,0.0
rrg,1600,0.0,0.0,40000122,0.0
rrg,1600,0.0,0.0,40000123,0.0
rrg,1600,0.0,0.0,40000124,0.0
rrg,1600,0.0,0.0,40000125,0.0
rrg,1600,0.0,0.0,40000126,0.0
rrg,1600,0.0,0.0,40000127,0.0
rrg,1600,0.25,0.0,40000128,0.14581249999999996
rrg,1600,0.25,0.0,40000129,0.14433125000000013
rrg,1600,0.25,0.0,40000130,0.1483437500000001
rrg,1600,0.25,0.0,40000131,0.15115000000000012
rrg,1600,0.25,0.0,40000132,0.14565000000000006
rrg,1600,0.25,0.0,40000133,0.14456250000000004
rrg,1600,0.25,0.0,40000134,0.14575625000000003
rrg,1600,0.25,0.0,40000135,0.14616874999999988
rrg,1600,0.5,0.0,40000136,0.14563749999999998
rrg,1600,0.5,0.0,40000137,0.1456687500000001
rrg,1600,0.5,0.0,40000138,0.14663124999999996
rrg,1600,0.5,0.0,40000139,0.14738124999999996
rrg,1600,0.5,0.0,40000140,0.1478124999999999
rrg,1600,0.5,0.0,40000141,0.14807499999999993
rrg,1600,0.5,0.0,40000142,0.14598125000000012
rrg,1600,0.5,0.0,40000143,0.14278125
