pop,framing,graph,rho,measure,diff_mean,z
gemma-26b,neutral,er,0.0,abs_m,0.013,0.52
gemma-26b,neutral,er,0.0,persistence,0.012,0.42
gemma-26b,neutral,er,0.0,flip_rate,0.002,0.26
gemma-26b,neutral,er,0.0,unsatisfied,-0.006,-0.74
gemma-26b,neutral,er,0.25,abs_m,0.017,0.47
gemma-26b,neutral,er,0.25,persistence,0.008,0.34
gemma-26b,neutral,er,0.25,flip_rate,-0.003,-0.27
gemma-26b,neutral,er,0.25,unsatisfied,-0.008,-1.31
gemma-26b,neutral,rrg,0.0,abs_m,0.028,0.74
gemma-26b,neutral,rrg,0.0,persistence,-0.004,-0.13
gemma-26b,neutral,rrg,0.0,flip_rate,-0.004,-0.43
gemma-26b,neutral,rrg,0.0,unsatisfied,-0.006,-0.56
gemma-26b,neutral,rrg,0.25,abs_m,0.056,1.22
gemma-26b,neutral,rrg,0.25,persistence,0.025,0.9
gemma-26b,neutral,rrg,0.25,flip_rate,-0.008,-0.72
gemma-26b,neutral,rrg,0.25,unsatisfied,-0.006,-0.98
gemma-26b,political,er,0.0,abs_m,-0.013,-0.34
gemma-26b,political,er,0.0,persistence,-0.004,-0.34
gemma-26b,political,er,0.0,flip_rate,-0.0,-0.07
gemma-26b,political,er,0.0,unsatisfied,-0.001,-0.09
gemma-26b,political,er,0.25,abs_m,-0.054,-1.74
gemma-26b,political,er,0.25,persistence,0.014,1.58
gemma-26b,political,er,0.25,flip_rate,-0.001,-1.74
gemma-26b,political,er,0.25,unsatisfied,0.008,1.07
gemma-26b,political,rrg,0.0,abs_m,0.037,1.01
gemma-26b,political,rrg,0.0,persistence,0.003,0.32
gemma-26b,political,rrg,0.0,flip_rate,-0.0,-0.37
gemma-26b,political,rrg,0.0,unsatisfied,-0.01,-0.86
gemma-26b,political,rrg,0.25,abs_m,0.021,0.65
gemma-26b,political,rrg,0.25,persistence,-0.006,-0.69
gemma-26b,political,rrg,0.25,flip_rate,0.0,0.38
gemma-26b,political,rrg,0.25,unsatisfied,-0.004,-0.62
gemma-31b,neutral,er,0.0,abs_m,0.074,2.34
gemma-31b,neutral,er,0.0,persistence,0.05,1.51
gemma-31b,neutral,er,0.0,flip_rate,-0.017,-2.17
gemma-31b,neutral,er,0.0,unsatisfied,-0.021,-2.0
gemma-31b,neutral,er,0.25,abs_m,0.006,0.22
gemma-31b,neutral,er,0.25,persistence,-0.017,-0.86
gemma-31b,neutral,er,0.25,flip_rate,0.001,0.09
gemma-31b,neutral,er,0.25,unsatisfied,0.0,0.02
gemma-31b,neutral,rrg,0.0,abs_m,0.036,0.88
gemma-31b,neutral,rrg,0.0,persistence,0.032,0.89
gemma-31b,neutral,rrg,0.0,flip_rate,-0.008,-0.85
gemma-31b,neutral,rrg,0.0,unsatisfied,-0.01,-0.76
gemma-31b,neutral,rrg,0.25,abs_m,0.008,0.36
gemma-31b,neutral,rrg,0.25,persistence,-0.016,-0.88
gemma-31b,neutral,rrg,0.25,flip_rate,-0.003,-0.57
gemma-31b,neutral,rrg,0.25,unsatisfied,-0.0,-0.01
gemma-31b,political,er,0.0,abs_m,0.02,0.48
gemma-31b,political,er,0.0,persistence,-0.005,-0.57
gemma-31b,political,er,0.0,flip_rate,0.001,2.18
gemma-31b,political,er,0.0,unsatisfied,-0.003,-0.29
gemma-31b,political,er,0.25,abs_m,-0.05,-1.55
gemma-31b,political,er,0.25,persistence,-0.006,-0.73
gemma-31b,political,er,0.25,flip_rate,0.0,0.11
gemma-31b,political,er,0.25,unsatisfied,0.008,1.51
gemma-31b,political,rrg,0.0,abs_m,-0.048,-1.37
gemma-31b,political,rrg,0.0,persistence,-0.001,-0.2
gemma-31b,political,rrg,0.0,flip_rate,0.0,0.29
gemma-31b,political,rrg,0.0,unsatisfied,0.011,1.33
gemma-31b,political,rrg,0.25,abs_m,-0.015,-0.53
gemma-31b,political,rrg,0.25,persistence,0.008,1.44
gemma-31b,political,rrg,0.25,flip_rate,-0.001,-1.49
gemma-31b,political,rrg,0.25,unsatisfied,0.006,1.22
mistral-large,neutral,er,0.0,abs_m,-0.048,-1.71
mistral-large,neutral,er,0.0,persistence,0.011,1.21
mistral-large,neutral,er,0.0,flip_rate,-0.001,-1.57
mistral-large,neutral,er,0.0,unsatisfied,-0.003,-0.46
mistral-large,neutral,er,0.25,abs_m,-0.011,-0.42
mistral-large,neutral,er,0.25,persistence,-0.004,-0.49
mistral-large,neutral,er,0.25,flip_rate,0.0,0.23
mistral-large,neutral,er,0.25,unsatisfied,-0.005,-0.97
mistral-large,neutral,rrg,0.0,abs_m,-0.033,-1.33
mistral-large,neutral,rrg,0.0,persistence,0.008,0.93
mistral-large,neutral,rrg,0.0,flip_rate,-0.001,-0.87
mistral-large,neutral,rrg,0.0,unsatisfied,0.0,0.07
mistral-large,neutral,rrg,0.25,abs_m,0.023,0.94
mistral-large,neutral,rrg,0.25,persistence,0.001,0.15
mistral-large,neutral,rrg,0.25,flip_rate,0.001,0.67
mistral-large,neutral,rrg,0.25,unsatisfied,0.002,0.33
mistral-large,political,er,0.0,abs_m,-0.008,-0.34
mistral-large,political,er,0.0,persistence,0.001,0.33
mistral-large,political,er,0.0,flip_rate,-0.0,-1.01
mistral-large,political,er,0.0,unsatisfied,0.002,0.21
mistral-large,political,er,0.25,abs_m,-0.01,-0.52
mistral-large,political,er,0.25,persistence,0.002,0.46
mistral-large,political,er,0.25,flip_rate,-0.0,-0.87
mistral-large,political,er,0.25,unsatisfied,0.006,1.04
mistral-large,political,rrg,0.0,abs_m,-0.011,-0.5
mistral-large,political,rrg,0.0,persistence,0.011,2.33
mistral-large,political,rrg,0.0,flip_rate,-0.001,-3.13
mistral-large,political,rrg,0.0,unsatisfied,-0.002,-0.33
mistral-large,political,rrg,0.25,abs_m,0.01,0.45
mistral-large,political,rrg,0.25,persistence,-0.004,-0.97
mistral-large,political,rrg,0.25,flip_rate,0.0,0.61
mistral-large,political,rrg,0.25,unsatisfied,-0.003,-0.5
