pop,framing,mode,graph,rho,eps,runs,abs_m,abs_m_lo,abs_m_hi,abs_m_mean5_lo,abs_m_mean5_hi,m,m_lo,m_hi,m_mean5_lo,m_mean5_hi,abs_q,abs_q_lo,abs_q_hi,abs_q_mean5_lo,abs_q_mean5_hi,persistence,persistence_lo,persistence_hi,persistence_mean5_lo,persistence_mean5_hi,flip_rate,flip_rate_lo,flip_rate_hi,flip_rate_mean5_lo,flip_rate_mean5_hi,unsatisfied,unsatisfied_lo,unsatisfied_hi,unsatisfied_mean5_lo,unsatisfied_mean5_hi,excess_unsat,excess_unsat_lo,excess_unsat_hi,excess_unsat_mean5_lo,excess_unsat_mean5_hi,regime
gemma-26b,neutral,explicit,er,0.0,0.0,40,0.9165000000000001,0.72735,0.9742,0.8102,0.94541,0.0025,-0.9460999999999999,0.9531499999999996,-0.52781,0.37522,0.877,0.5115000000000001,0.9522999999999999,0.6851800000000001,0.9152000000000001,0.8220000000000001,0.6347,0.92925,0.7478,0.88804,0.05325,0.022475,0.13567499999999996,0.036895000000000004,0.09320499999999998,0.0172807017543859,0.007781766841468294,0.08864920370137223,0.013030055530460384,0.05750911138028793,-0.004158394098097786,-0.013657329011015391,0.06721010784888855,-0.008646547968213465,0.03466083401575852,consensus
gemma-26b,neutral,explicit,er,0.25,0.0,40,0.7044999999999999,0.45315000000000005,0.8516499999999999,0.5686,0.7742199999999999,0.015,-0.8348,0.8090999999999999,-0.39545,0.3884499999999999,0.547,0.0899,0.8086,0.33718,0.6640199999999999,0.6145,0.44775,0.78035,0.53619,0.6938200000000001,0.14325,0.0905,0.21792499999999998,0.11619499999999999,0.1786,0.25450677461996035,0.21456034018317557,0.28650087865334806,0.23001861449910158,0.27060292716810747,0.08998521240395327,0.050038777967168484,0.12197931643734097,0.06522839349859057,0.10542653798407574,consensus
gemma-26b,neutral,explicit,rrg,0.0,0.0,40,0.9400000000000001,0.5964500000000001,0.99505,0.7473500000000001,0.9664100000000001,-0.006,-0.9614999999999999,0.9921,-0.4372,0.49422000000000005,0.8820000000000001,0.2148,0.9901000000000002,0.5884,0.9348199999999999,0.8159999999999998,0.6171,0.9703999999999999,0.7061700000000001,0.8738199999999999,0.031,0.005350000000000001,0.12564999999999998,0.0186,0.06960499999999999,0.03574999999999995,0.00445,0.13444999999999996,0.0193,0.08200499999999995,0.03574999999999995,0.00445,0.13444999999999996,0.019395,0.08200499999999998,consensus
gemma-26b,neutral,explicit,rrg,0.25,0.0,40,0.6385000000000001,0.31055,0.9251999999999998,0.47777000000000003,0.768,0.084,-0.8204499999999998,0.82095,-0.35233000000000003,0.40603999999999996,0.43699999999999994,0.1355,0.8585999999999999,0.26477999999999996,0.62802,0.5695,0.4065,0.8622499999999998,0.5128,0.6845999999999999,0.136,0.045275,0.23227499999999998,0.10330000000000002,0.183405,0.25875000000000004,0.2273,0.30555,0.2384,0.28050499999999995,0.10562500000000002,0.07417500000000003,0.152425,0.08627000000000001,0.126275,consensus
gemma-26b,neutral,marginal,er,0.0,0.0,40,0.9214999999999998,0.56575,0.97325,0.7707900000000001,0.94822,-0.0109999999999999,-0.9571999999999999,0.9538499999999996,-0.45442999999999995,0.40983999999999987,0.8819999999999999,0.2312,0.9602000000000002,0.60638,0.9236200000000001,0.853,0.54145,0.9600499999999996,0.6935900000000002,0.9041999999999998,0.04775,0.019975,0.12374999999999993,0.035095,0.0916,0.0203651215078453,0.00589587865603089,0.12001894461284092,0.012348610005685682,0.07024524839729322,-0.0010739743446383874,-0.015543217196452797,0.09857984876035723,-0.008607662225983114,0.04718552542187289,consensus
gemma-26b,neutral,marginal,er,0.25,0.0,40,0.6855,0.37105,0.86285,0.514,0.7770199999999999,0.017,-0.7969,0.8438499999999999,-0.2859999999999999,0.4118499999999999,0.5349999999999999,0.1368,0.7799999999999999,0.3444,0.65922,0.6160000000000001,0.41104999999999997,0.7702499999999999,0.51816,0.68081,0.144,0.09245,0.19617499999999988,0.119,0.1828,0.2653268784297172,0.19307951362363127,0.29548370971536103,0.23674459056999936,0.27829539364031824,0.10080531621371011,0.02855795140762419,0.13096214749935392,0.07474023011684834,0.1153204246704193,consensus
gemma-26b,neutral,marginal,rrg,0.0,0.0,40,0.957,0.5228,0.9942,0.6940700000000001,0.9729999999999999,0.00149999999999995,-0.9812,0.9846999999999999,-0.35966,0.5700099999999999,0.914,0.195,0.9884,0.5072,0.94682,0.8274999999999999,0.5236,0.9837499999999999,0.6931699999999998,0.8982100000000001,0.028,0.00495,0.11079999999999998,0.0177,0.07759999999999999,0.0265,0.005325000000000001,0.14049999999999999,0.01719999999999998,0.09519999999999998,0.0265,0.005325000000000001,0.14049999999999999,0.019199999999999974,0.09459999999999998,consensus
gemma-26b,neutral,marginal,rrg,0.25,0.0,40,0.5820000000000001,0.1528,0.8533,0.4137499999999999,0.72284,-0.02949999999999995,-0.80735,0.8077,-0.4034100000000001,0.3161299999999999,0.298,0.1107,0.7489999999999997,0.21190000000000003,0.5500599999999999,0.5549999999999999,0.40330000000000005,0.7796500000000001,0.4796,0.6616399999999999,0.15525,0.0768,0.21559999999999999,0.11789499999999997,0.184815,0.26875000000000004,0.217825,0.3040499999999999,0.24749999999999997,0.2862,0.11562500000000003,0.06470000000000002,0.1509249999999999,0.09317,0.13237499999999996,consensus
gemma-26b,political,explicit,er,0.0,0.0,40,0.531,0.1288499999999999,0.7831999999999999,0.34199999999999997,0.63084,0.531,0.12575,0.7831999999999999,0.31898,0.6318099999999999,0.272,0.043199999999999995,0.6317999999999998,0.14798,0.4376199999999999,0.8979999999999999,0.7803,0.9432999999999999,0.8368,0.91641,0.009,0.005,0.018049999999999997,0.0072,0.013404999999999995,0.214140625,0.11747666331106434,0.31323727071473734,0.1629577667818962,0.26093365292254883,0.19270152914751632,0.09603756745858065,0.2917981748622536,0.13615044655896377,0.2399770584465426,consensus
gemma-26b,political,explicit,er,0.25,0.0,40,0.473,0.21130000000000002,0.6737,0.33598999999999996,0.55561,0.473,0.14029999999999998,0.6737,0.32331000000000004,0.55962,0.215,0.026,0.4824999999999998,0.13197999999999996,0.33599999999999997,0.8959999999999999,0.8078500000000001,0.9502499999999999,0.8591899999999999,0.9204099999999998,0.0085,0.004975,0.01605,0.007000000000000001,0.012,0.3301890491527797,0.2879978325243459,0.3927355725568978,0.3099311557844556,0.36534642497932,0.16566748693677258,0.12347627030833883,0.22821401034089067,0.14576241260882358,0.20309959481444687,frozen-stubborn
gemma-26b,political,explicit,rrg,0.0,0.0,40,0.521,0.24905,0.7949999999999998,0.36637999999999993,0.6378199999999999,0.521,0.19354999999999992,0.7949999999999998,0.35819999999999996,0.6411999999999999,0.24799999999999994,0.0479,0.5907999999999998,0.16278,0.42322,0.879,0.8292,0.9551499999999998,0.8530000000000001,0.91041,0.01,0.00445,0.015524999999999999,0.0078,0.0127,0.21899999999999994,0.11005,0.294525,0.17209499999999997,0.25659999999999994,0.21899999999999994,0.11005,0.294525,0.17358999999999997,0.25630499999999995,consensus
gemma-26b,political,explicit,rrg,0.25,0.0,40,0.4740000000000001,0.27509999999999996,0.6957499999999999,0.37417999999999996,0.5818099999999999,0.4740000000000001,0.27509999999999996,0.6957499999999999,0.3772000000000001,0.57761,0.22,0.07569999999999999,0.4938999999999997,0.15278,0.3764599999999999,0.8900000000000001,0.8145,0.9400999999999999,0.8517999999999999,0.914,0.00975,0.0055,0.015049999999999997,0.007299999999999999,0.0121,0.344,0.28195,0.37579999999999997,0.318195,0.35810499999999995,0.190875,0.128825,0.222675,0.16496999999999998,0.20428,frozen-stubborn
gemma-26b,political,marginal,er,0.0,0.0,40,0.47300000000000003,0.30665,0.7594000000000001,0.3913799999999999,0.609,0.47300000000000003,0.30635,0.7594000000000001,0.40019,0.6080099999999999,0.254,0.06490000000000001,0.6020999999999999,0.1496,0.39962000000000003,0.8925000000000001,0.8220999999999998,0.9261000000000001,0.8532,0.908,0.0095,0.006475,0.015099999999999994,0.0082,0.0127,0.2194807356245319,0.11703424831617734,0.274090056022409,0.17177353379887814,0.2467860803077048,0.1980416397720482,0.09559515246369366,0.2526509601699253,0.15194918357856618,0.22618407813798497,frozen-stubborn
gemma-26b,political,marginal,er,0.25,0.0,40,0.52,0.33290000000000003,0.6916499999999998,0.40579,0.5926099999999999,0.52,0.32655000000000006,0.6916499999999998,0.39015,0.59081,0.25799999999999995,0.0505,0.4251999999999998,0.1668,0.3512199999999999,0.884,0.8199,0.92985,0.84899,0.90321,0.010499999999999999,0.0064,0.015024999999999998,0.008400000000000001,0.0126,0.3280636210701099,0.27643127705627707,0.37924883540372656,0.3084352193202804,0.3511919356048317,0.16354205885410278,0.11190971484026999,0.2147272731877195,0.143918736197402,0.18637376426252722,consensus
gemma-26b,political,marginal,rrg,0.0,0.0,40,0.45899999999999996,0.29069999999999996,0.73065,0.3755799999999999,0.5768799999999998,0.45699999999999996,0.29069999999999996,0.73065,0.37538,0.5759999999999998,0.222,0.0676999999999999,0.5654999999999999,0.13878,0.36604,0.8805000000000001,0.8345000000000001,0.9309499999999999,0.8536000000000001,0.9056000000000001,0.01075,0.006425,0.014025,0.0085,0.012400000000000001,0.22675,0.151275,0.29539999999999994,0.19029999999999997,0.26030499999999995,0.22675,0.151275,0.29539999999999994,0.1914,0.2581049999999999,frozen-stubborn
gemma-26b,political,marginal,rrg,0.25,0.0,40,0.4675,0.2423,0.6839999999999999,0.35217,0.55603,0.4675,0.2375499999999999,0.6839999999999999,0.34817000000000004,0.5568,0.222,0.0376,0.45919999999999994,0.13199999999999995,0.3448,0.8969999999999999,0.8303499999999998,0.9471499999999999,0.8648,0.9158100000000001,0.0085,0.005,0.015,0.007299999999999999,0.0118,0.34924999999999995,0.298975,0.3941,0.32229499999999994,0.3635999999999999,0.19612499999999997,0.14585,0.24097500000000002,0.16907499999999998,0.21047499999999997,frozen-stubborn
gemma-31b,neutral,explicit,er,0.0,0.0,40,0.902,0.63705,0.9863999999999999,0.78016,0.945,0.02949999999999995,-0.96905,0.9698499999999999,-0.28306000000000003,0.6090599999999998,0.8180000000000001,0.3282999999999999,0.9803999999999999,0.59118,0.9064,0.806,0.5316500000000001,0.9514499999999998,0.6527200000000001,0.8730099999999998,0.036,0.011700000000000002,0.10514999999999995,0.024095000000000002,0.07189999999999999,0.03443247066655565,0.0026235613761943304,0.12264874083192279,0.015224052406802193,0.07496822013371829,0.012993374814071965,-0.018815534476289357,0.1012096449794391,-0.005580585064703074,0.05692383009705297,consensus
gemma-31b,neutral,explicit,er,0.25,0.0,40,0.22799999999999998,0.1307499999999999,0.43539999999999973,0.17338999999999993,0.34362,-0.0545,-0.3853999999999999,0.2605499999999998,-0.21659999999999996,0.09561999999999994,0.159,0.0699,0.4047,0.12079999999999998,0.2804,0.476,0.29185,0.6041500000000001,0.39377,0.5398200000000001,0.1755,0.12890000000000001,0.229425,0.15569,0.19970500000000002,0.2396718544137022,0.2098848684210526,0.27994731177080284,0.22830984659741227,0.26255395866926867,0.07515029219769512,0.04536330620504552,0.11542574955479575,0.06419048190000619,0.09781296224085269,mixed
gemma-31b,neutral,explicit,rrg,0.0,0.0,40,0.9005000000000001,0.49525,1.0,0.68216,0.9488,0.00849999999999995,-0.99905,0.99205,-0.4422,0.49262,0.8089999999999999,0.1635999999999999,1.0,0.44998,0.9076000000000001,0.7690000000000001,0.5180499999999999,0.99,0.6421900000000001,0.8846,0.05675,0.0005,0.11532499999999996,0.020395000000000003,0.08550499999999998,0.0605,0.0,0.1497249999999999,0.0238,0.11139999999999994,0.0605,0.0,0.1497249999999999,0.026600000000000002,0.11119999999999994,consensus
gemma-31b,neutral,explicit,rrg,0.25,0.0,40,0.20049999999999996,0.11239999999999992,0.42265,0.15339999999999998,0.2932,-0.0015,-0.29864999999999997,0.23374999999999996,-0.11280999999999997,0.11940999999999997,0.16699999999999998,0.08170000000000001,0.38109999999999994,0.1196,0.2764,0.47,0.32095,0.61845,0.41658999999999996,0.5402,0.182,0.12837500000000002,0.20617499999999997,0.1574,0.19290500000000002,0.24675,0.2149,0.270375,0.22749499999999998,0.2551,0.09362500000000001,0.06177500000000001,0.11725000000000001,0.07457500000000002,0.10247500000000001,mixed
gemma-31b,neutral,marginal,er,0.0,0.0,40,0.821,0.51535,0.9823,0.6739499999999998,0.9054,-0.010499999999999999,-0.8311499999999999,0.8987999999999998,-0.39864,0.41895999999999983,0.696,0.13829999999999992,0.9805999999999999,0.45632,0.8384,0.7115,0.4855,0.9500999999999997,0.6172000000000001,0.8198200000000001,0.06725,0.014625,0.132425,0.037,0.09210499999999999,0.05973086124401905,0.0,0.14197083333333335,0.029544371671434054,0.10504917651062769,0.038291765391535365,-0.021439095852483686,0.12053173748084965,0.009015828342601126,0.08434339857099847,consensus
gemma-31b,neutral,marginal,er,0.25,0.0,40,0.236,0.09330000000000001,0.5007499999999999,0.1582,0.33580999999999994,0.02299999999999995,-0.26305,0.29304999999999976,-0.12940000000000002,0.14604999999999993,0.16199999999999995,0.06570000000000001,0.39579999999999993,0.12199999999999997,0.2724,0.4875,0.3864,0.63185,0.4306,0.5518200000000001,0.17975,0.13915000000000002,0.21269999999999997,0.160095,0.1924,0.24738833442408376,0.2161050051268905,0.2748955898394888,0.23254534360709742,0.2581783975024776,0.08286677220807666,0.05158344291088341,0.11037402762348175,0.06883532829373289,0.0941562340801077,mixed
gemma-31b,neutral,marginal,rrg,0.0,0.0,40,0.8405,0.47754999999999986,0.998,0.64098,0.92242,-0.03149999999999995,-0.99415,0.9583999999999999,-0.5027299999999999,0.44773999999999986,0.6990000000000001,0.1213,0.996,0.39837999999999996,0.8460399999999998,0.7190000000000001,0.5079,0.9823000000000002,0.62258,0.8462099999999999,0.057,0.0014750000000000002,0.12899999999999998,0.0315,0.09201,0.0695,0.002,0.16544999999999985,0.0382,0.11870999999999998,0.0695,0.002,0.16544999999999985,0.03789499999999998,0.11860999999999995,consensus
gemma-31b,neutral,marginal,rrg,0.25,0.0,40,0.1905,0.09355,0.3822499999999998,0.14699999999999996,0.27760999999999997,0.047,-0.28955,0.21769999999999984,-0.12941,0.12980999999999995,0.16399999999999998,0.0617,0.3470999999999999,0.11518,0.26282,0.5135,0.3500499999999999,0.5811,0.4288,0.54561,0.18425,0.14245,0.21635,0.16039499999999998,0.1989,0.2425,0.2158,0.27494999999999997,0.22849499999999992,0.255605,0.08937500000000001,0.06267500000000001,0.12182500000000002,0.07637500000000001,0.10217500000000002,mixed
gemma-31b,political,explicit,er,0.0,0.0,40,0.359,0.1014499999999999,0.62205,0.236,0.5040000000000001,-0.0055,-0.48805,0.5610999999999999,-0.21730999999999998,0.26501,0.14199999999999996,0.0258,0.45019999999999977,0.10838,0.34562,0.9125000000000001,0.84265,0.9581,0.8865999999999999,0.9364100000000001,0.00825,0.0035,0.012599999999999995,0.0062,0.0107,0.1858773749398749,0.11990392736486487,0.2429938537331994,0.15014893425807763,0.21733194516945872,0.16443827908739123,0.09846483151238118,0.2215547578807157,0.12741987968348664,0.19496812977381223,frozen-stubborn
gemma-31b,political,explicit,er,0.25,0.0,40,0.1975,0.09095,0.5659,0.15937999999999994,0.3918,0.0905,-0.28569999999999995,0.545,-0.08759999999999997,0.29061000000000003,0.13699999999999996,0.0298,0.38419999999999976,0.08959999999999999,0.26559999999999995,0.9215000000000002,0.8539999999999999,0.97405,0.8901999999999999,0.9442,0.00625,0.003,0.011624999999999993,0.0049,0.0095,0.2977483816493104,0.2622445054945055,0.3359740259740259,0.2764633020319806,0.31323033841250136,0.13322681943330333,0.09772294327849841,0.17145246375801884,0.11134900186077892,0.14948608335899932,frozen-stubborn
gemma-31b,political,explicit,rrg,0.0,0.0,40,0.2735,0.06995000000000001,0.4591999999999999,0.17739999999999995,0.3646,0.05399999999999995,-0.32425,0.3867999999999999,-0.11263000000000001,0.21900999999999993,0.12,0.0237999999999999,0.30949999999999966,0.08039999999999996,0.2139999999999999,0.9564999999999999,0.9158499999999998,0.9890500000000002,0.937,0.9709999999999999,0.0035,0.0014500000000000001,0.009524999999999999,0.0026000000000000003,0.006500000000000001,0.21375,0.17149999999999999,0.2555999999999999,0.19609499999999996,0.23289999999999997,0.21375,0.17149999999999999,0.2555999999999999,0.19649999999999998,0.23339999999999997,frozen-stubborn
gemma-31b,political,explicit,rrg,0.25,0.0,40,0.20399999999999996,0.05955,0.42689999999999984,0.13679999999999998,0.31941,0.0605,-0.25045,0.27349999999999974,-0.09925999999999995,0.17459999999999995,0.121,0.0178,0.3737999999999999,0.07599999999999998,0.24963999999999995,0.952,0.91245,0.9871500000000004,0.9314,0.9693999999999999,0.0045,0.0014500000000000001,0.0075,0.0031,0.006,0.292,0.2505,0.3359999999999999,0.27669499999999997,0.31179999999999997,0.138875,0.09737500000000002,0.18287499999999993,0.12267500000000002,0.15928,frozen-stubborn
gemma-31b,political,marginal,er,0.0,0.0,40,0.3365,0.07894999999999991,0.6084999999999995,0.22138999999999998,0.48401999999999995,0.038,-0.4897000000000001,0.4827999999999999,-0.22684999999999997,0.22544999999999993,0.16699999999999995,0.0355,0.4303999999999994,0.10239999999999996,0.32759999999999995,0.9195,0.8439,0.9682499999999996,0.8877899999999999,0.9449999999999997,0.006999999999999999,0.002975,0.010624999999999994,0.0048000000000000004,0.008904999999999996,0.19977307648531756,0.11030467575553363,0.24051386001385994,0.14960414658174442,0.21681933311806068,0.17833398063283384,0.08886557990304994,0.21907476416137625,0.12866441217511443,0.19540998603424056,frozen-stubborn
gemma-31b,political,marginal,er,0.25,0.0,40,0.31899999999999995,0.1016,0.49249999999999966,0.21539999999999998,0.40562,-0.124,-0.40995,0.33724999999999994,-0.22419999999999995,0.11562999999999998,0.15399999999999994,0.0158,0.31549999999999984,0.0844,0.2224,0.9315,0.8796500000000003,0.97505,0.9,0.9481999999999999,0.0065,0.002975,0.012074999999999995,0.005,0.0093,0.2855946899938612,0.26225397478070167,0.329529286556906,0.2713129854662912,0.3037022065241602,0.12107312777785412,0.09773241256469462,0.16500772434089894,0.1065198011878911,0.1386558588157244,frozen-stubborn
gemma-31b,political,marginal,rrg,0.0,0.0,40,0.27099999999999996,0.1107499999999999,0.6120999999999998,0.20136999999999994,0.46183,0.0995,-0.3154999999999999,0.4188499999999995,-0.18765999999999997,0.23359999999999997,0.159,0.017699999999999907,0.41609999999999986,0.0996,0.3212,0.962,0.9045,0.996,0.932,0.9760000000000002,0.004,0.0009750000000000001,0.009524999999999999,0.0024000000000000002,0.0063,0.219,0.127075,0.24717499999999998,0.1676,0.23090499999999997,0.219,0.127075,0.24717499999999998,0.16769499999999996,0.23031,frozen-stubborn
gemma-31b,political,marginal,rrg,0.25,0.0,40,0.23349999999999996,0.07664999999999991,0.4415999999999997,0.15179999999999996,0.3350099999999999,-0.00299999999999995,-0.3384499999999999,0.31014999999999976,-0.14964999999999998,0.16325999999999993,0.13099999999999995,0.009800000000000001,0.3356999999999997,0.07279999999999996,0.24519999999999995,0.9444999999999999,0.9065999999999999,0.98005,0.9266,0.9595999999999998,0.005,0.0019500000000000001,0.008,0.0037000000000000006,0.0068000000000000005,0.2895,0.247925,0.3261249999999999,0.2709999999999999,0.30339999999999995,0.136375,0.09480000000000001,0.1729999999999999,0.11867499999999997,0.15047499999999997,frozen-stubborn
mistral-large,neutral,explicit,er,0.0,0.0,40,0.16849999999999998,0.051449999999999906,0.4205999999999996,0.11197999999999997,0.3110499999999999,0.0455,-0.35314999999999996,0.3151499999999993,-0.12040999999999999,0.19702,0.13099999999999995,0.0396,0.2604999999999995,0.0816,0.22243999999999994,0.8534999999999999,0.7929,0.9155999999999997,0.8222000000000002,0.8804100000000001,0.016,0.010350000000000002,0.022574999999999994,0.0128,0.0187,0.26427552007740684,0.2105997517637836,0.30648375668449185,0.2312616081509693,0.2820974291216463,0.24283642422492316,0.1891606559112999,0.28504466083200813,0.20732292061019847,0.26055660222979854,frozen-stubborn
mistral-large,neutral,explicit,er,0.25,0.0,40,0.22749999999999995,0.05609999999999991,0.4503999999999999,0.14019999999999996,0.31881,0.07849999999999999,-0.25465,0.3028499999999999,-0.08841000000000006,0.16719999999999993,0.13099999999999995,0.0399,0.2761999999999999,0.08437999999999998,0.2112199999999999,0.836,0.7712,0.8851,0.8064000000000002,0.8582000000000001,0.0175,0.0125,0.024024999999999998,0.0153,0.0208,0.33418934738074335,0.293425559947299,0.36296230598669615,0.3131967567988987,0.3486957967866506,0.16966778516473627,0.12890399773129196,0.19844074377068907,0.14988896874671492,0.18448269314645135,frozen-stubborn
mistral-large,neutral,explicit,rrg,0.0,0.0,40,0.1859999999999999,0.05795,0.36144999999999977,0.1269899999999999,0.27980999999999995,-0.0020000000000000495,-0.2442999999999999,0.2189499999999999,-0.13522999999999993,0.13641999999999996,0.07899999999999996,0.0179,0.27809999999999996,0.0536,0.194,0.8654999999999999,0.7989500000000002,0.92535,0.8371999999999999,0.892,0.0145,0.009,0.02405,0.0118,0.018899999999999997,0.2645,0.2318,0.309075,0.2475,0.28200499999999995,0.2645,0.2318,0.309075,0.2479,0.2817,frozen-stubborn
mistral-large,neutral,explicit,rrg,0.25,0.0,40,0.23449999999999993,0.0767499999999999,0.4943499999999998,0.15518999999999994,0.34119999999999995,-0.00949999999999995,-0.30529999999999996,0.3095499999999998,-0.14101000000000002,0.1508999999999999,0.113,0.0297,0.2563,0.06359999999999999,0.17242000000000002,0.8459999999999999,0.77,0.8943499999999999,0.8037900000000001,0.8692,0.016,0.0095,0.027024999999999997,0.014100000000000001,0.022099999999999998,0.3335,0.302,0.37829999999999997,0.3174,0.3559049999999999,0.18037500000000004,0.148875,0.22517500000000001,0.16476999999999994,0.20158,frozen-stubborn
mistral-large,neutral,marginal,er,0.0,0.0,40,0.22499999999999995,0.08414999999999989,0.4279499999999999,0.16778999999999988,0.32939999999999997,-0.059499999999999956,-0.332,0.31275,-0.17363999999999996,0.12640999999999997,0.086,0.0299,0.24709999999999993,0.05960000000000001,0.17119999999999994,0.8434999999999999,0.7656499999999999,0.8960999999999999,0.8111999999999998,0.867,0.0165,0.01135,0.024099999999999996,0.014100000000000001,0.020104999999999994,0.26419713029057607,0.2066453089903818,0.305671819110884,0.2400086958724925,0.28174961697655954,0.24275803443809238,0.18520621313789812,0.28423272325840027,0.21730679242401968,0.26114463455782183,frozen-stubborn
mistral-large,neutral,marginal,er,0.25,0.0,40,0.257,0.05595,0.41184999999999994,0.15839999999999996,0.31761,0.0205,-0.28945,0.30954999999999977,-0.12281999999999997,0.16807999999999992,0.10399999999999995,0.025999999999999995,0.2740999999999999,0.06399999999999997,0.19601999999999994,0.842,0.77765,0.89235,0.8125900000000001,0.8638,0.01725,0.01295,0.024524999999999998,0.015,0.0209,0.33064283134705663,0.30222040072859735,0.37829158163265303,0.3202491669071364,0.35890271935483203,0.16612126913104958,0.13769883851259027,0.21377001941664595,0.15520720819545974,0.19307326970145036,frozen-stubborn
mistral-large,neutral,marginal,rrg,0.0,0.0,40,0.2155,0.08,0.46739999999999987,0.15357999999999997,0.3282299999999999,-0.0115,-0.41419999999999996,0.22364999999999985,-0.18281999999999998,0.09703000000000002,0.109,0.0352,0.2799999999999999,0.07877999999999999,0.18879999999999994,0.8540000000000001,0.7909500000000002,0.9135,0.8277900000000001,0.8836,0.0155,0.010475,0.024524999999999998,0.013000000000000001,0.019200000000000002,0.26374999999999993,0.23445,0.30669999999999986,0.24379999999999996,0.282605,0.26374999999999993,0.23445,0.30669999999999986,0.24450000000000002,0.2828,frozen-stubborn
mistral-large,neutral,marginal,rrg,0.25,0.0,40,0.2125,0.07694999999999999,0.3576,0.15358999999999995,0.2868,-0.015,-0.30624999999999997,0.30619999999999986,-0.15402,0.14600999999999997,0.11,0.0339,0.27699999999999997,0.07677999999999999,0.18325999999999992,0.8395000000000001,0.77485,0.89215,0.80899,0.8640000000000001,0.0175,0.011474999999999999,0.023574999999999995,0.014299999999999998,0.02,0.3335,0.29995,0.36337499999999995,0.317195,0.34939999999999993,0.18037500000000004,0.146825,0.21025,0.16427000000000003,0.19727499999999998,frozen-stubborn
mistral-large,political,explicit,er,0.0,0.0,40,0.19549999999999995,0.053399999999999996,0.3468999999999999,0.1296,0.26381,0.13149999999999995,-0.0777499999999999,0.32884999999999975,0.0424,0.23322999999999997,0.11499999999999999,0.013900000000000001,0.25049999999999994,0.0576,0.17359999999999992,0.955,0.92825,0.9900000000000002,0.9414,0.9705999999999999,0.0035,0.001,0.005624999999999993,0.0024000000000000002,0.0048000000000000004,0.32111962468380495,0.2718301079944915,0.3724145807259074,0.2979661446452837,0.34853105550779284,0.29968052883132124,0.2503910121420078,0.3509754848734237,0.27610440414670273,0.3280317727940443,frozen-stubborn
mistral-large,political,explicit,er,0.25,0.0,40,0.1679999999999999,0.030249999999999905,0.2797999999999999,0.09678999999999993,0.21282,0.1025,-0.06765,0.27695,0.025189999999999987,0.17899999999999996,0.075,0.0216,0.2506,0.04959999999999998,0.15961999999999998,0.958,0.9198000000000001,0.98905,0.9423999999999999,0.9720000000000001,0.0035,0.001,0.0065,0.0024000000000000002,0.0046,0.39842473118279575,0.3604166666666666,0.43424186565205974,0.3818743155211272,0.4187658080366635,0.23390316896678864,0.19589510445065955,0.26972030343605263,0.21834950370722653,0.2538317892911481,frozen-stubborn
mistral-large,political,explicit,rrg,0.0,0.0,40,0.1569999999999999,0.07584999999999992,0.3122499999999999,0.11778999999999991,0.2521999999999999,0.0774999999999999,-0.1066,0.30244999999999994,-0.0015999999999999814,0.19400999999999993,0.086,0.0159,0.24069999999999994,0.050799999999999956,0.14881999999999998,0.9669999999999999,0.9310499999999998,0.98515,0.9473899999999998,0.9764100000000001,0.003,0.001,0.0055,0.002,0.004104999999999996,0.329,0.28609999999999997,0.36727499999999985,0.30609499999999995,0.34880500000000003,0.329,0.28609999999999997,0.36727499999999985,0.308095,0.34960499999999994,frozen-stubborn
mistral-large,political,explicit,rrg,0.25,0.0,40,0.1644999999999999,0.06365,0.31244999999999995,0.11897999999999996,0.23900999999999994,0.1,-0.008399999999999883,0.2863499999999999,0.03219999999999999,0.20300999999999997,0.1089999999999999,0.0337,0.2282,0.07517999999999998,0.16759999999999992,0.9569999999999999,0.91695,0.9900500000000002,0.9426,0.9714,0.00375,0.0015,0.006024999999999999,0.0026000000000000003,0.0047,0.39975000000000005,0.357,0.439525,0.37710000000000005,0.416105,0.24662500000000004,0.203875,0.28640000000000004,0.22427,0.2636800000000001,frozen-stubborn
mistral-large,political,marginal,er,0.0,0.0,40,0.1624999999999999,0.061750000000000006,0.3769999999999998,0.11539999999999999,0.29544,0.13099999999999995,-0.08804999999999999,0.3769999999999998,0.02140000000000002,0.26109999999999994,0.05499999999999995,0.016,0.17939999999999992,0.03879999999999996,0.14081999999999997,0.9564999999999999,0.9285000000000001,0.9834500000000002,0.94159,0.97,0.004,0.0014500000000000001,0.006524999999999999,0.0027,0.0051,0.33158487959970806,0.25512295081967207,0.35903002250409155,0.2878393726685342,0.3452578276750524,0.3101457837472244,0.2336838549671884,0.3375909266516079,0.267049677420905,0.3232003698954931,frozen-stubborn
mistral-large,political,marginal,er,0.25,0.0,40,0.1709999999999999,0.0348499999999999,0.3087999999999999,0.10818999999999993,0.2292,0.12499999999999994,-0.1401499999999999,0.26129999999999975,-0.0035999999999999648,0.19739999999999996,0.05499999999999995,0.013899999999999905,0.14939999999999984,0.03357999999999994,0.10563999999999993,0.954,0.9325000000000001,0.98405,0.9426,0.9696100000000001,0.0035,0.001975,0.005574999999999996,0.0028,0.0049,0.39654663147310204,0.35558777509875333,0.4312160322495373,0.3753009861096571,0.4138842988812375,0.23202506925709496,0.19106621288274622,0.2666944700335302,0.20969151622605514,0.2500764372672167,frozen-stubborn
mistral-large,political,marginal,rrg,0.0,0.0,40,0.16899999999999993,0.0409999999999999,0.38379999999999986,0.11797999999999992,0.2684199999999999,0.12949999999999995,-0.12555,0.38379999999999986,0.009180000000000018,0.24801000000000004,0.1009999999999999,0.025699999999999994,0.24679999999999996,0.061999999999999986,0.16201999999999997,0.9535,0.91125,0.9842,0.9356,0.9671999999999998,0.004,0.0015,0.007024999999999999,0.003,0.0055,0.33625000000000005,0.2818,0.36542499999999983,0.3108949999999999,0.3494999999999999,0.33625000000000005,0.2818,0.36542499999999983,0.31029999999999996,0.34959999999999997,frozen-stubborn
mistral-large,political,marginal,rrg,0.25,0.0,40,0.15049999999999994,0.04225,0.2824999999999994,0.1038,0.25079999999999997,0.1264999999999999,0.01590000000000001,0.27964999999999923,0.07259999999999997,0.23142999999999994,0.09199999999999994,0.0176,0.26839999999999986,0.057579999999999985,0.17399999999999996,0.9624999999999999,0.9338000000000001,0.9861000000000004,0.9485899999999999,0.9747999999999999,0.003,0.0019500000000000001,0.006024999999999999,0.0024000000000000002,0.0046,0.4032499999999999,0.374125,0.43977499999999997,0.38058999999999993,0.41689999999999994,0.25012499999999993,0.22100000000000003,0.28665,0.22676999999999994,0.26458000000000004,frozen-stubborn
