point,endpoint,framing,rho,contacts,graph,abs_m,m,m2,abs_q,q2,persistence,flip_rate,unsatisfied,excess_unsat
P1,qwen-122b,neutral,0.25,True,0,0.37700000000000006,0.15499999999999997,0.17082,0.26999999999999996,0.07404,0.7709999999999999,0.0225,0.2995,0.146375
P1,qwen-122b,neutral,0.25,True,1,0.061,0.059,0.00558,0.178,0.03236,0.807,0.0245,0.275,0.12187500000000004
P1,qwen-122b,neutral,0.25,True,2,0.08199999999999999,-0.054000000000000006,0.00812,0.12000000000000002,0.014960000000000001,0.742,0.0385,0.307,0.153875
P1,qwen-122b,neutral,0.25,True,3,0.38899999999999996,0.3389999999999999,0.26342,0.03799999999999999,0.00236,0.7649999999999999,0.029,0.2705,0.11737500000000003
P1,qwen-122b,neutral,0.25,True,4,0.13299999999999998,0.13099999999999998,0.02406,0.041999999999999996,0.0035600000000000007,0.807,0.0255,0.29000000000000004,0.13687500000000005
P2,qwen-9b,political,0.5,True,0,0.563,0.563,0.32842,0.37,0.14716,0.647,0.065,0.472,0.32084999999999997
P2,qwen-9b,political,0.5,True,1,0.5519999999999999,0.5519999999999999,0.31760000000000005,0.33999999999999997,0.13248,0.5640000000000001,0.062,0.44250000000000006,0.2913500000000001
P2,qwen-9b,political,0.5,True,2,0.555,0.555,0.31394,0.36999999999999994,0.13876000000000002,0.5850000000000001,0.065,0.45299999999999996,0.30184999999999995
P2,qwen-9b,political,0.5,True,3,0.6769999999999999,0.6769999999999999,0.4634600000000001,0.446,0.20628000000000002,0.633,0.0545,0.445,0.29385000000000006
P2,qwen-9b,political,0.5,True,4,0.45600000000000007,0.45600000000000007,0.21976,0.08800000000000001,0.01552,0.5880000000000001,0.0525,0.44400000000000006,0.29285000000000005
P3,llama-70b,political,0.25,True,0,0.09799999999999999,-0.09799999999999999,0.019240000000000007,0.12400000000000003,0.015439999999999999,0.99,0.001,0.40500000000000014,0.2518750000000002
P3,llama-70b,political,0.25,True,1,0.15,-0.009999999999999995,0.022600000000000006,0.14000000000000004,0.019600000000000003,1.0,0.0,0.445,0.291875
P3,llama-70b,political,0.25,True,2,0.051000000000000004,-0.037,0.00406,0.006,0.00012000000000000002,0.977,0.002,0.4185,0.265375
P3,llama-70b,political,0.25,True,3,0.06100000000000001,-0.06100000000000001,0.005140000000000001,0.238,0.05675999999999999,0.9910000000000002,0.001,0.3055,0.152375
P3,llama-70b,political,0.25,True,4,0.144,-0.144,0.04156,0.03200000000000001,0.0012000000000000001,0.9960000000000001,0.001,0.398,0.24487500000000004
P4,nemo-12b,workplace,0.25,True,0,0.943,0.943,0.8897,0.9099999999999999,0.8292400000000001,0.917,0.019,0.25999999999999995,0.10687499999999997
P4,nemo-12b,workplace,0.25,True,1,0.9400000000000001,0.9400000000000001,0.8851199999999999,0.8800000000000001,0.776,0.9099999999999999,0.0195,0.2245,0.07137500000000002
P4,nemo-12b,workplace,0.25,True,2,0.937,0.937,0.87898,0.874,0.7666799999999999,0.9269999999999998,0.029,0.2675,0.11437500000000003
P4,nemo-12b,workplace,0.25,True,3,0.9549999999999998,0.9549999999999998,0.9124599999999999,0.9099999999999999,0.8293199999999998,0.899,0.0235,0.238,0.084875
P4,nemo-12b,workplace,0.25,True,4,0.9039999999999999,0.9039999999999999,0.8180399999999999,0.8160000000000001,0.66752,0.834,0.0355,0.2675,0.11437500000000003
P5,gpt6-luna,neutral,0.0,True,0,0.5160000000000001,0.5160000000000001,0.3566,0.14800000000000002,0.03448,0.63,0.0955,0.197,0.197
P5,gpt6-luna,neutral,0.0,True,1,0.7379999999999999,-0.7379999999999999,0.5519999999999999,0.58,0.33832,0.67,0.0855,0.14899999999999997,0.14899999999999997
P5,gpt6-luna,neutral,0.0,True,2,0.6559999999999999,-0.6559999999999999,0.46319999999999995,0.364,0.14479999999999998,0.6439999999999999,0.089,0.16099999999999998,0.16099999999999998
P5,gpt6-luna,neutral,0.0,True,3,0.406,-0.36,0.26548000000000005,0.084,0.009439999999999999,0.5680000000000001,0.104,0.23349999999999999,0.23349999999999999
P5,gpt6-luna,neutral,0.0,True,4,0.664,0.27999999999999997,0.5236400000000001,0.4,0.1652,0.786,0.0555,0.1345,0.1345
P2-nc,qwen-9b,political,0.5,False,0,0.06200000000000001,0.054000000000000006,0.00596,0.07200000000000001,0.008,0.8299999999999998,0.017,0.5485,0.39735
P2-nc,qwen-9b,political,0.5,False,1,0.18499999999999997,0.18499999999999997,0.035300000000000005,0.054000000000000006,0.0046,0.7849999999999999,0.0215,0.5135,0.36234999999999995
P2-nc,qwen-9b,political,0.5,False,2,0.133,0.123,0.024739999999999998,0.038000000000000006,0.0025200000000000005,0.757,0.027,0.48199999999999993,0.33085
P2-nc,qwen-9b,political,0.5,False,3,0.264,0.264,0.08859999999999998,0.11200000000000002,0.013200000000000003,0.8480000000000001,0.0185,0.508,0.35685
P2-nc,qwen-9b,political,0.5,False,4,0.156,0.144,0.043480000000000005,0.04800000000000001,0.0033599999999999997,0.7700000000000001,0.0225,0.5125000000000001,0.36135000000000006
P4-nc,nemo-12b,workplace,0.25,False,0,0.579,0.579,0.33882,0.34199999999999997,0.12116000000000002,0.6290000000000001,0.057,0.43100000000000005,0.2778750000000001
P4-nc,nemo-12b,workplace,0.25,False,1,0.655,0.655,0.4370200000000001,0.466,0.22147999999999998,0.7209999999999999,0.0435,0.354,0.200875
P4-nc,nemo-12b,workplace,0.25,False,2,0.6809999999999999,0.6809999999999999,0.46514000000000005,0.466,0.21932000000000001,0.7569999999999999,0.0345,0.38450000000000006,0.23137500000000008
P4-nc,nemo-12b,workplace,0.25,False,3,0.664,0.664,0.45236,0.44399999999999995,0.20152,0.644,0.053,0.3395,0.18637500000000004
P4-nc,nemo-12b,workplace,0.25,False,4,0.6399999999999999,0.6399999999999999,0.41204,0.37599999999999995,0.1452,0.736,0.034,0.385,0.23187500000000003
