key,instruction,arm,k,pA,leak,censored,top1
llama-8b,1,neutral_own,1,0.1066905854244781,0.1290703022213573,0,B
llama-8b,1,neutral_own,1,0.11920292202211756,0.16965668149839697,0,B
llama-8b,1,neutral_own,2,0.11920292828022307,0.1358711760979513,0,B
llama-8b,1,neutral_own,2,0.11920291263495983,0.22784112252446787,0,I
llama-8b,1,neutral_own,3,0.08509903572571949,0.26333476472160233,0,B
llama-8b,1,neutral_own,3,0.0534033328129234,0.17841452683065218,0,B
llama-8b,1,neutral_own,4,0.4378234991142019,0.7537833343068393,0,B
llama-8b,1,neutral_own,4,0.10669060530721625,0.44983204741659083,0,I
llama-8b,1,neutral_own,5,0.20181320305759334,0.6903109264939823,0,Since
llama-8b,1,neutral_own,5,0.24508501313237172,0.8070038086688989,0,Since
llama-8b,1,neutral_own,6,0.43782349911420193,0.9286623832639197,1,To
llama-8b,1,neutral_own,6,0.5,1.0,1,To
llama-8b,1,political,1,0.3486451353339457,0.18155345464371841,0,B
llama-8b,1,political,1,0.6791786991753931,0.29280426576164936,0,I
llama-8b,1,political,2,0.9324533088603709,0.5624141202995784,1,A
llama-8b,1,political,2,0.43782349911420193,0.40040413072614617,0,A
llama-8b,1,political,3,0.7772998611746911,0.6723416829343757,1,Based
llama-8b,1,political,3,0.6513548646660542,0.5902602760661393,0,A
llama-8b,1,political,4,0.5,0.9144897750315732,1,Given
llama-8b,1,political,4,0.6224593312018546,0.8679891746240689,1,Given
llama-8b,1,political,5,0.5,0.9340196358550812,1,Since
llama-8b,1,political,5,0.777299881810389,0.6779426859539924,0,Given
llama-8b,1,political,6,0.5,0.9453952160224492,1,Since
llama-8b,1,political,6,0.5,0.9405975217738141,1,Given
llama-8b,2,neutral_own,1,0.32082130731838393,5.196828880460469e-05,0,B
llama-8b,2,neutral_own,1,0.2689414272294874,3.751264255213993e-05,0,A
llama-8b,2,neutral_own,2,0.07585817218654307,0.00010323914353482788,0,B
llama-8b,2,neutral_own,2,0.08509905196799639,4.7965637059776967e-05,0,B
llama-8b,2,neutral_own,3,0.07585817793199003,5.873421317326155e-05,0,B
llama-8b,2,neutral_own,3,0.04742586913845881,4.494559596812664e-05,0,B
llama-8b,2,neutral_own,4,0.2942149597859341,0.00010330707617434154,0,A
llama-8b,2,neutral_own,4,0.1824255326961778,7.001796141825611e-05,0,B
llama-8b,2,neutral_own,5,0.348645142101806,5.927189672605415e-05,0,B
llama-8b,2,neutral_own,5,0.3775406687981454,7.903476831983003e-05,0,B
llama-8b,2,neutral_own,6,0.2942149659744614,5.982026676143448e-05,0,A
llama-8b,2,neutral_own,6,0.2942149659744614,5.6363398192038616e-05,0,B
llama-8b,2,political,1,0.5312093733737563,0.0001650520886783413,0,A
llama-8b,2,political,1,0.7772998508568416,0.00038664987578576615,0,A
llama-8b,2,political,2,0.9740426403062038,0.0009456903247345751,0,A
llama-8b,2,political,2,0.4073334000459302,0.00013088340685030175,0,B
llama-8b,2,political,3,0.5926665999540698,0.00021455387412028237,0,B
llama-8b,2,political,3,0.5621765008857982,0.00022539636749402403,0,A
llama-8b,2,political,4,0.4687906266262437,0.0001360885930197231,0,B
llama-8b,2,political,4,0.5312093733737563,0.00012297726973742318,0,A
llama-8b,2,political,5,0.5621765008857981,0.00045539197948768484,0,B
llama-8b,2,political,5,0.5312093733737562,0.00022655203789195832,0,A
llama-8b,2,political,6,0.5312093733737563,0.00034221175238674517,0,B
llama-8b,2,political,6,0.5,0.00012266074015826467,0,A
mistral-large,1,neutral_own,1,0.9890130584826029,0.007503345158961346,0,A
mistral-large,1,neutral_own,1,0.9995694429487365,0.00970710104703377,0,A
mistral-large,1,neutral_own,2,0.9999999913222213,1.3104171809453119e-05,0,A
mistral-large,1,neutral_own,2,0.9947798741516818,0.18165354261243385,0,A
mistral-large,1,neutral_own,3,0.9999994631252066,0.00026225066855530704,0,A
mistral-large,1,neutral_own,3,0.9986749774644776,0.22247586391470306,0,A
mistral-large,1,neutral_own,4,0.9997388097431605,0.49993769180677367,0,A
mistral-large,1,neutral_own,4,0.9999516743609127,0.033089917401615376,0,A
mistral-large,1,neutral_own,5,0.13296424019782926,0.878944981953919,0,I
mistral-large,1,neutral_own,5,0.6224593031872286,0.759808205184051,0,I
mistral-large,1,neutral_own,6,0.9947798730683634,0.29319085759491204,0,A
mistral-large,1,neutral_own,6,0.9993736659911268,0.798089076430349,0,I
mistral-large,1,political,1,0.9999962733610837,0.004609883114805532,0,A
mistral-large,1,political,1,0.9999998942830134,0.00023051108562380332,0,A
mistral-large,1,political,2,0.9999999791830937,2.4437307447833234e-05,1,A
mistral-large,1,political,2,0.99998699287415,0.06754733988323106,0,A
mistral-large,1,political,3,0.9999999967062828,2.7655790759584242e-05,1,A
mistral-large,1,political,3,0.9999998942829773,0.02297883186896177,1,A
mistral-large,1,political,4,0.9999996940978799,0.010987803697778409,0,A
mistral-large,1,political,4,0.9999151889835499,0.07585982890657152,0,A
mistral-large,1,political,5,0.9890130594743594,0.16306106531067055,0,A
mistral-large,1,political,5,0.9986749773646542,0.008575049527222421,0,A
mistral-large,1,political,6,0.9999485577862578,0.9241398793635374,0,I
mistral-large,1,political,6,0.9999843104479343,0.24509251430143125,0,A
mistral-large,2,neutral_own,1,0.9796676445796328,5.780326848238426e-05,0,A
mistral-large,2,neutral_own,1,0.9999339478714709,6.625704598644195e-05,0,A
mistral-large,2,neutral_own,2,0.9999999378522001,1.4875706053569413e-06,0,A
mistral-large,2,neutral_own,2,0.9996200155046603,0.00020352015453566817,0,A
mistral-large,2,neutral_own,3,0.9999852610110108,2.769812365211246e-05,0,A
mistral-large,2,neutral_own,3,0.998073265053254,0.0002954787370286222,0,A
mistral-large,2,neutral_own,4,0.9964063973418801,0.006669657919685083,0,A
mistral-large,2,neutral_own,4,0.9997965730630365,0.00020354854446862972,0,A
mistral-large,2,neutral_own,5,0.9046505351008904,9.923182900475891e-05,0,A
mistral-large,2,neutral_own,5,0.7549149758396752,0.00032849819813074443,0,A
mistral-large,2,neutral_own,6,0.993307149917757,0.004044262260163542,0,A
mistral-large,2,neutral_own,6,0.9990889487513459,0.004067538000574919,0,A
mistral-large,2,political,1,0.9999151889717671,0.0008063864749450684,0,A
mistral-large,2,political,1,0.9999996072138638,0.0002959929555545222,0,A
mistral-large,2,political,2,0.9999999977362648,3.5536401346466277e-07,0,A
mistral-large,2,political,2,0.9999485577737601,0.001035451679608484,0,A
mistral-large,2,political,3,0.999999988857513,1.5385758428305404e-06,0,A
mistral-large,2,political,3,0.999999391641129,0.0005530508432726467,0,A
mistral-large,2,political,4,0.9999930377442945,0.0035942346473333765,0,A
mistral-large,2,political,4,0.9999573525517523,0.010988253313264564,0,A
mistral-large,2,political,5,0.9989677687687747,0.0011721086441576537,0,A
mistral-large,2,political,5,0.9995694430130673,0.003178019164751177,0,A
mistral-large,2,political,6,0.9999251537981393,0.03308789847471983,0,A
mistral-large,2,political,6,0.9999952149033214,0.0028022158932579848,0,A
qwen-9b,1,neutral_own,1,0.2059262760797361,0.0038926434220840633,0,B
qwen-9b,1,neutral_own,1,0.47205510149079766,0.004380035977109786,0,A
qwen-9b,1,neutral_own,2,0.798454253545544,0.0035872718080333654,0,A
qwen-9b,1,neutral_own,2,0.32347156680582895,0.005478497648942704,0,B
qwen-9b,1,neutral_own,3,0.5002934082864136,0.003326603014845164,0,B
qwen-9b,1,neutral_own,3,0.37802397490936784,0.003451038609244006,0,B
qwen-9b,1,neutral_own,4,0.3484106466517593,0.006034715363874343,0,B
qwen-9b,1,neutral_own,4,0.2944986730436038,0.004248418564437917,0,B
qwen-9b,1,neutral_own,5,0.14793923029226874,0.0040359539701381175,0,B
qwen-9b,1,neutral_own,5,0.20168367295833783,0.0057405562854785375,0,B
qwen-9b,1,neutral_own,6,0.3486451488696663,0.005476490232102615,0,B
qwen-9b,1,neutral_own,6,0.3486451285660856,0.007524753819528107,0,B
qwen-9b,1,political,1,0.798385263211813,0.008242358154752633,0,A
qwen-9b,1,political,1,0.9523920823338426,0.004646307055287513,0,A
qwen-9b,1,political,2,0.9874778437922384,0.0023907820376938664,0,A
qwen-9b,1,political,2,0.7549149868676283,0.006630575329091282,0,A
qwen-9b,1,political,3,0.9629814275351466,0.0036817046695679645,0,A
qwen-9b,1,political,3,0.8812246269713523,0.007684461689139166,0,A
qwen-9b,1,political,4,0.9400366367559606,0.007964506140583145,0,This
qwen-9b,1,political,4,0.8523788988229137,0.007706266505338066,0,A
qwen-9b,1,political,5,0.8673209178484773,0.007249788747670766,0,A
qwen-9b,1,political,5,0.7777850125864771,0.007741396575602716,0,A
qwen-9b,1,political,6,0.8671983848402927,0.0077442945163627985,0,A
qwen-9b,1,political,6,0.9324533022906133,0.008490960015982776,0,A
qwen-9b,2,neutral_own,1,0.2955784662041081,0.0008871458048878011,0,B
qwen-9b,2,neutral_own,1,0.5318781696074045,0.0010172101971377412,0,A
qwen-9b,2,neutral_own,2,0.9398779831260378,0.0005962156270786848,0,A
qwen-9b,2,neutral_own,2,0.438908642203035,0.0012043800218531908,0,B
qwen-9b,2,neutral_own,3,0.6516880650290099,0.0009150648082092427,0,A
qwen-9b,2,neutral_own,3,0.40827406229749835,0.0009596237945668218,0,B
qwen-9b,2,neutral_own,4,0.43903077702225907,0.001259663144452472,0,B
qwen-9b,2,neutral_own,4,0.3218906875381111,0.0010627780400982445,0,A
qwen-9b,2,neutral_own,5,0.2028777692335029,0.0010603441451427775,0,B
qwen-9b,2,neutral_own,5,0.27003381363554946,0.0013961362005908695,0,B
qwen-9b,2,neutral_own,6,0.34975948564869647,0.0010231650160201777,0,B
qwen-9b,2,neutral_own,6,0.43876575197821926,0.0014103137130110355,0,B
qwen-9b,2,political,1,0.8807401759776506,0.0017252282410710335,0,A
qwen-9b,2,political,1,0.981969107970699,0.0006821467368875386,0,A
qwen-9b,2,political,2,0.9932535376640323,0.0004672738951412587,0,A
qwen-9b,2,political,2,0.8354835371034368,0.0019124675494376353,0,B
qwen-9b,2,political,3,0.9840222303142705,0.0006844023127698384,0,A
qwen-9b,2,political,3,0.9397757849512802,0.001747303323341609,0,A
qwen-9b,2,political,4,0.966835486193457,0.0014657755027681421,0,A
qwen-9b,2,political,4,0.914867353639291,0.001880386415049215,0,A
qwen-9b,2,political,5,0.9240931036016912,0.001662972336963206,0,A
qwen-9b,2,political,5,0.8354835289534978,0.002181156270261164,0,A
qwen-9b,2,political,6,0.9240322771850626,0.0018842263013794658,0,A
qwen-9b,2,political,6,0.9464878902815351,0.002248401783749965,0,A
gemma-31b,1,neutral_own,1,1.8189616963843576e-09,6.674100605508215e-09,1,B
gemma-31b,1,neutral_own,1,0.9999970977075295,1.8178616833377917e-06,0,A
gemma-31b,1,neutral_own,2,0.9999999810459902,3.5058434809664973e-06,1,A
gemma-31b,1,neutral_own,2,6.475948700223803e-07,4.169779653784289e-07,0,B
gemma-31b,1,neutral_own,3,0.009708437538679887,8.563762221580618e-06,0,B
gemma-31b,1,neutral_own,3,5.422219029532401e-06,3.1078853912624993e-07,0,B
gemma-31b,1,neutral_own,4,0.999985261043505,1.6520017558569197e-06,0,A
gemma-31b,1,neutral_own,4,2.0816916746063262e-08,1.2430667140073126e-07,0,B
gemma-31b,1,neutral_own,5,0.0024726201161131586,2.638406200405896e-06,0,B
gemma-31b,1,neutral_own,5,0.9999599368193873,8.20046470809037e-06,0,A
gemma-31b,1,neutral_own,6,2.5651471563493696e-09,1.3492262196379556e-08,1,B
gemma-31b,1,neutral_own,6,0.053403297035458555,8.793580137389512e-06,0,B
gemma-31b,1,political,1,0.9999957771858979,1.6870733883779647e-06,0,A
gemma-31b,1,political,1,0.9999999827421896,9.047231410708179e-07,1,A
gemma-31b,1,political,2,0.9999999778404963,2.5562674300649846e-06,1,A
gemma-31b,1,political,2,0.9999962733692384,2.56949341058703e-06,0,A
gemma-31b,1,political,3,0.9999999810459907,1.5713776626569143e-06,1,A
gemma-31b,1,political,3,0.9999999740929637,6.966886090253865e-07,1,A
gemma-31b,1,political,4,0.9999999764113694,9.371392595269867e-07,1,A
gemma-31b,1,political,4,0.24508501313237172,1.4271379950692165e-05,0,B
gemma-31b,1,political,5,4.691164166783218e-08,3.089825795221657e-08,0,B
gemma-31b,1,political,5,2.7264677374472773e-06,1.590916123284103e-07,0,B
gemma-31b,1,political,6,0.005220107284642795,5.0230194403866335e-06,0,B
gemma-31b,1,political,6,0.9999999827421658,3.77524987715816e-07,1,A
gemma-31b,2,neutral_own,1,1.9362745933276748e-09,0.0,0,B
gemma-31b,2,neutral_own,1,0.9999999317439232,6.318156839441246e-07,0,A
gemma-31b,2,neutral_own,2,0.9999999388157257,8.96211617307241e-06,1,A
gemma-31b,2,neutral_own,2,3.288746123644753e-06,5.851075048912691e-07,0,B
gemma-31b,2,neutral_own,3,0.025957099945062508,1.0589994642651313e-05,0,B
gemma-31b,2,neutral_own,3,4.539786390659426e-05,2.7182772344147565e-07,0,B
gemma-31b,2,neutral_own,4,0.9999991148433578,6.965582651518554e-07,0,A
gemma-31b,2,neutral_own,4,7.338209120632839e-07,1.2655765102564942e-07,0,B
gemma-31b,2,neutral_own,5,0.9998415709194678,1.2024107330559742e-05,0,A
gemma-31b,2,neutral_own,5,0.9999983463119505,1.2318729036411013e-06,0,A
gemma-31b,2,neutral_own,6,6.3488003992283765e-09,4.460444147369458e-08,0,B
gemma-31b,2,neutral_own,6,0.9149037048396417,1.3663540473468627e-05,0,A
gemma-31b,2,political,1,0.9999999656786829,8.479563937680012e-07,1,A
gemma-31b,2,political,1,0.9999999530883492,4.0877420213192295e-06,1,A
gemma-31b,2,political,2,0.999999927341892,1.2575403220527193e-05,1,A
gemma-31b,2,political,2,0.9999999468422026,8.689761588547211e-07,0,A
gemma-31b,2,political,3,0.9999999801363699,5.3297808113583756e-06,1,A
gemma-31b,2,political,3,0.9999999740929199,2.3908538037131777e-06,1,A
gemma-31b,2,political,4,0.9999999736849399,4.410139784916112e-06,1,A
gemma-31b,2,political,4,0.9971991503689419,2.521660531006791e-05,0,A
gemma-31b,2,political,5,1.7603432870356367e-06,1.8886679642449167e-07,0,B
gemma-31b,2,political,5,0.0006263341095100187,9.097190819540302e-07,0,B
gemma-31b,2,political,6,0.9991959311947131,1.4473236278069357e-05,0,A
gemma-31b,2,political,6,0.9999999832731251,8.810152372085156e-07,1,A
