key,wording,k,case,own,pA,leak,p_follow_push,p_keep_own
llama-8b,v2 take now,1,allies A,A,0.0850990490675896,4.8408370166730386e-05,0.0850990490675896,0.0850990490675896
llama-8b,v2 take now,1,allies A,B,0.6224593312018546,3.3082163383046925e-05,0.6224593312018546,0.3775406687981454
llama-8b,v2 take now,1,allies B,A,0.3486451285660856,5.3868960584679826e-05,0.6513548714339144,0.3486451285660856
llama-8b,v2 take now,1,allies B,B,0.8807970858005139,4.60281081660352e-05,0.11920291419948614,0.11920291419948614
llama-8b,v2 take now,1,rivals A,A,0.00857748708480796,1.6463489285745148e-05,0.991422512915192,0.00857748708480796
llama-8b,v2 take now,1,rivals A,B,0.5,3.0161400046468945e-05,0.5,0.5
llama-8b,v2 take now,1,rivals B,A,0.2689414213699951,3.5345167058498106e-05,0.2689414213699951,0.2689414213699951
llama-8b,v2 take now,1,rivals B,B,0.8519528038477824,2.8288363370904124e-05,0.8519528038477824,0.14804719615221762
llama-8b,v2 take now,3,allies A,A,0.11920292828022307,7.856913162718193e-05,0.11920292828022307,0.11920292828022307
llama-8b,v2 take now,3,allies A,B,0.4687906266262437,4.1266012609453284e-05,0.4687906266262437,0.5312093733737563
llama-8b,v2 take now,3,allies B,A,0.4687906266262437,5.342478445435894e-05,0.5312093733737563,0.4687906266262437
llama-8b,v2 take now,3,allies B,B,0.8175744761936438,0.00012098593809301006,0.18242552380635624,0.18242552380635624
llama-8b,v2 take now,3,rivals A,A,0.01098694486710568,3.701460686955649e-05,0.9890130551328943,0.01098694486710568
llama-8b,v2 take now,3,rivals A,B,0.2942149659744614,4.694635077917564e-05,0.7057850340255386,0.7057850340255386
llama-8b,v2 take now,3,rivals B,A,0.3486451285660856,8.033164708998175e-05,0.3486451285660856,0.3486451285660856
llama-8b,v2 take now,3,rivals B,B,0.8519527963298947,9.378104608431803e-05,0.8519527963298947,0.14804720367010527
llama-8b,v2 take now,6,allies A,A,0.11920291576401233,0.00011899129757031446,0.11920291576401233,0.11920291576401233
llama-8b,v2 take now,6,allies A,B,0.4378234991142019,6.985121049973841e-05,0.4378234991142019,0.5621765008857982
llama-8b,v2 take now,6,allies B,A,0.3775406687981454,0.00010245726802404764,0.6224593312018546,0.3775406687981454
llama-8b,v2 take now,6,allies B,B,0.798186775339273,0.00022286401883925278,0.20181322466072704,0.20181322466072704
llama-8b,v2 take now,6,rivals A,A,0.020332355420367123,6.352496725803292e-05,0.9796676445796328,0.020332355420367123
llama-8b,v2 take now,6,rivals A,B,0.34864514210180597,7.619846923978546e-05,0.651354857898194,0.651354857898194
llama-8b,v2 take now,6,rivals B,A,0.24508501313237172,0.00010093154136048277,0.24508501313237172,0.24508501313237172
llama-8b,v2 take now,6,rivals B,B,0.8354835330070838,0.00017497469058894155,0.8354835330070838,0.16451646699291622
llama-8b,hold now,1,allies A,A,0.7549149923816048,0.0002394066691779606,0.7549149923816048,0.7549149923816048
llama-8b,hold now,1,allies A,B,0.32082130731838393,0.00011562071523307793,0.32082130731838393,0.6791786926816161
llama-8b,hold now,1,allies B,A,0.8933094145755219,0.00021758808257352213,0.10669058542447807,0.8933094145755219
llama-8b,hold now,1,allies B,B,0.5312093733737563,0.0003429863473023431,0.4687906266262437,0.4687906266262437
llama-8b,hold now,1,rivals A,A,0.09534946618445303,0.00010925784440107833,0.9046505338155469,0.09534946618445303
llama-8b,hold now,1,rivals A,B,0.22270012850745965,9.122720179699506e-05,0.7772998714925403,0.7772998714925403
llama-8b,hold now,1,rivals B,A,0.8354835371034368,0.00028996001897840795,0.8354835371034368,0.8354835371034368
llama-8b,hold now,1,rivals B,B,0.679178692681616,0.0001789115259983043,0.679178692681616,0.320821307318384
llama-8b,hold now,3,allies A,A,0.4378234991142019,0.0009063514826453956,0.4378234991142019,0.4378234991142019
llama-8b,hold now,3,allies A,B,0.5,0.000604389099894076,0.5,0.5
llama-8b,hold now,3,allies B,A,0.705785040214066,0.0008692117423760304,0.29421495978593404,0.705785040214066
llama-8b,hold now,3,allies B,B,0.6513548646660542,0.0011181607988308695,0.3486451353339458,0.3486451353339458
llama-8b,hold now,3,rivals A,A,0.06754668363133542,0.0004781180149219244,0.9324533163686646,0.06754668363133542
llama-8b,hold now,3,rivals A,B,0.2942149597859341,0.0003233204818926527,0.705785040214066,0.705785040214066
llama-8b,hold now,3,rivals B,A,0.6791786926816161,0.0007381041954213075,0.6791786926816161,0.6791786926816161
llama-8b,hold now,3,rivals B,B,0.7310585786300048,0.0008117838474904215,0.7310585786300048,0.2689414213699952
llama-8b,hold now,6,allies A,A,0.46879062662624377,0.001608944187761474,0.46879062662624377,0.46879062662624377
llama-8b,hold now,6,allies A,B,0.5621765008857981,0.0009149862855239999,0.5621765008857981,0.43782349911420193
llama-8b,hold now,6,allies B,A,0.6224593241981982,0.001235576271715777,0.37754067580180184,0.6224593241981982
llama-8b,hold now,6,allies B,B,0.651354857898194,0.0017287342795468397,0.34864514210180597,0.34864514210180597
llama-8b,hold now,6,rivals A,A,0.08509905138791504,0.0010990199580405147,0.9149009486120849,0.08509905138791504
llama-8b,hold now,6,rivals A,B,0.2942149783515163,0.000705967579619049,0.7057850216484838,0.7057850216484838
llama-8b,hold now,6,rivals B,A,0.5312093733737563,0.0011568134216665693,0.5312093733737563,0.5312093733737563
llama-8b,hold now,6,rivals B,B,0.731058584489497,0.0017235095232625008,0.731058584489497,0.268941415510503
llama-8b,choose after considering,1,allies A,A,0.09534946040040722,4.888205664910217e-05,0.09534946040040722,0.09534946040040722
llama-8b,choose after considering,1,allies A,B,0.5926665999540698,2.503381035867669e-05,0.5926665999540698,0.4073334000459302
llama-8b,choose after considering,1,allies B,A,0.4073334000459302,3.98152829645948e-05,0.5926665999540698,0.4073334000459302
llama-8b,choose after considering,1,allies B,B,0.8933094145755219,4.618773323458725e-05,0.10669058542447807,0.10669058542447807
llama-8b,choose after considering,1,rivals A,A,0.0035936021787458952,1.70994006317704e-05,0.9964063978212541,0.0035936021787458952
llama-8b,choose after considering,1,rivals A,B,0.40733340004593027,3.1947752163419274e-05,0.5926665999540697,0.5926665999540697
llama-8b,choose after considering,1,rivals B,A,0.2942149597859341,3.5839312588659133e-05,0.2942149597859341,0.2942149597859341
llama-8b,choose after considering,1,rivals B,B,0.8519528057272543,3.316309937201334e-05,0.8519528057272543,0.1480471942727457
llama-8b,choose after considering,3,allies A,A,0.10669059536584677,4.532727772488254e-05,0.10669059536584677,0.10669059536584677
llama-8b,choose after considering,3,allies A,B,0.5,2.7300459297163737e-05,0.5,0.5
llama-8b,choose after considering,3,allies B,A,0.46879062662624377,3.7153453378735435e-05,0.5312093733737562,0.46879062662624377
llama-8b,choose after considering,3,allies B,B,0.8354835432479661,7.860355669311869e-05,0.16451645675203386,0.16451645675203386
llama-8b,choose after considering,3,rivals A,A,0.0031726827857859216,2.803147922059157e-05,0.996827317214214,0.0031726827857859216
llama-8b,choose after considering,3,rivals A,B,0.2689414213699951,3.7610060939052836e-05,0.7310585786300049,0.7310585786300049
llama-8b,choose after considering,3,rivals B,A,0.3208212943308303,4.811330225029664e-05,0.3208212943308303,0.3208212943308303
llama-8b,choose after considering,3,rivals B,B,0.904650538956921,6.462352961807138e-05,0.904650538956921,0.09534946104307895
llama-8b,choose after considering,6,allies A,A,0.20181321745968234,5.536259060190396e-05,0.20181321745968234,0.20181321745968234
llama-8b,choose after considering,6,allies A,B,0.5312093733737563,3.554418646684043e-05,0.5312093733737563,0.4687906266262437
llama-8b,choose after considering,6,allies B,A,0.43782349911420193,4.589152996103962e-05,0.5621765008857981,0.43782349911420193
llama-8b,choose after considering,6,allies B,B,0.7772998560157665,9.379985487381615e-05,0.22270014398423355,0.22270014398423355
llama-8b,choose after considering,6,rivals A,A,0.007577240578027483,3.894395462789024e-05,0.9924227594219726,0.007577240578027483
llama-8b,choose after considering,6,rivals A,B,0.2942149783515162,4.710762055015749e-05,0.7057850216484838,0.7057850216484838
llama-8b,choose after considering,6,rivals B,A,0.24508501864634824,8.140549641733053e-05,0.24508501864634824,0.24508501864634824
llama-8b,choose after considering,6,rivals B,B,0.8670357649558006,9.542787468511116e-05,0.8670357649558006,0.1329642350441994
llama-8b,stay or switch,1,allies A,A,0.4073334000459302,2.5272222940908584e-05,0.4073334000459302,0.4073334000459302
llama-8b,stay or switch,1,allies A,B,0.5312093733737563,1.4444669600655047e-05,0.5312093733737563,0.4687906266262437
llama-8b,stay or switch,1,allies B,A,0.5,1.5975821839264714e-05,0.5,0.5
llama-8b,stay or switch,1,allies B,B,0.6791787121629465,2.2702382252159925e-05,0.32082128783705355,0.32082128783705355
llama-8b,stay or switch,1,rivals A,A,0.10669058329418492,1.541271741822836e-05,0.8933094167058151,0.10669058329418492
llama-8b,stay or switch,1,rivals A,B,0.40733340004593027,1.4305185330076853e-05,0.5926665999540697,0.5926665999540697
llama-8b,stay or switch,1,rivals B,A,0.5,1.728710221549079e-05,0.5,0.5
llama-8b,stay or switch,1,rivals B,B,0.7057850216484838,2.362422105117723e-05,0.7057850216484838,0.2942149783515162
llama-8b,stay or switch,3,allies A,A,0.2689414272294874,3.3340465229070304e-05,0.2689414272294874,0.2689414272294874
llama-8b,stay or switch,3,allies A,B,0.5,2.4320303979197266e-05,0.5,0.5
llama-8b,stay or switch,3,allies B,A,0.5312093733737563,2.5888530608919602e-05,0.4687906266262437,0.5312093733737563
llama-8b,stay or switch,3,allies B,B,0.7772998508568416,5.007635656839593e-05,0.2227001491431584,0.2227001491431584
llama-8b,stay or switch,3,rivals A,A,0.04742587334586296,4.551112292638937e-05,0.952574126654137,0.04742587334586296
llama-8b,stay or switch,3,rivals A,B,0.37754066879814546,2.8135129293449523e-05,0.6224593312018545,0.6224593312018545
llama-8b,stay or switch,3,rivals B,A,0.4687906266262437,3.2385247589861166e-05,0.4687906266262437,0.4687906266262437
llama-8b,stay or switch,3,rivals B,B,0.7772998611746912,6.612234765968061e-05,0.7772998611746912,0.2227001388253088
llama-8b,stay or switch,6,allies A,A,0.37754066879814546,4.124769623448099e-05,0.37754066879814546,0.37754066879814546
llama-8b,stay or switch,6,allies A,B,0.46879062662624377,2.7199797986598995e-05,0.46879062662624377,0.5312093733737562
llama-8b,stay or switch,6,allies B,A,0.5,3.4095180211968223e-05,0.5,0.5
llama-8b,stay or switch,6,allies B,B,0.7057850340255386,5.4336952440003916e-05,0.2942149659744614,0.2942149659744614
llama-8b,stay or switch,6,rivals A,A,0.09534945847239201,7.842385939749175e-05,0.904650541527608,0.09534945847239201
llama-8b,stay or switch,6,rivals A,B,0.3486451285660856,4.027974130982326e-05,0.6513548714339144,0.6513548714339144
llama-8b,stay or switch,6,rivals B,A,0.37754066879814546,5.537331459737338e-05,0.37754066879814546,0.37754066879814546
llama-8b,stay or switch,6,rivals B,B,0.7310585844894971,0.0001112541327139005,0.7310585844894971,0.2689414155105029
llama-70b,v2 take now,1,allies A,A,0.9999999999942106,0.0,0.9999999999942106,0.9999999999942106
llama-70b,v2 take now,1,allies A,B,0.9975273770569981,0.0,0.9975273770569981,0.0024726229430018787
llama-70b,v2 take now,1,allies B,A,4.785094494831969e-06,0.0,0.9999952149055051,4.785094494831969e-06
llama-70b,v2 take now,1,allies B,B,2.335593033344192e-09,0.0,0.999999997664407,0.999999997664407
llama-70b,v2 take now,1,rivals A,A,2.5109990926886507e-08,0.0,0.999999974890009,2.5109990926886507e-08
llama-70b,v2 take now,1,rivals A,B,6.144177531850428e-06,5.466748409510558e-08,0.9999938558224681,0.9999938558224681
llama-70b,v2 take now,1,rivals B,A,0.9999991684720715,2.9362366725254755e-09,0.9999991684720715,0.9999991684720715
llama-70b,v2 take now,1,rivals B,B,0.9999990577554061,1.1428823773587947e-08,0.9999990577554061,9.422445939044621e-07
llama-70b,v2 take now,3,allies A,A,0.9999999999572222,0.0,0.9999999999572222,0.9999999999572222
llama-70b,v2 take now,3,allies A,B,0.9999724643121783,9.004257955803755e-10,0.9999724643121783,2.753568782165594e-05
llama-70b,v2 take now,3,allies B,A,2.3823696679330676e-07,1.8101709020612589e-10,0.9999997617630332,2.3823696679330676e-07
llama-70b,v2 take now,3,allies B,B,1.6918979223288786e-10,0.0,0.9999999998308102,0.9999999998308102
llama-70b,v2 take now,3,rivals A,A,3.653482080231737e-08,0.0,0.9999999634651792,3.653482080231737e-08
llama-70b,v2 take now,3,rivals A,B,7.484626298776402e-05,1.156848505878827e-08,0.9999251537370122,0.9999251537370122
llama-70b,v2 take now,3,rivals B,A,0.9999417087274893,0.0,0.9999417087274893,0.9999417087274893
llama-70b,v2 take now,3,rivals B,B,0.9999994284997574,2.4545870966643415e-08,0.9999994284997574,5.715002425743521e-07
llama-70b,v2 take now,6,allies A,A,0.999999999683912,0.0,0.999999999683912,0.999999999683912
llama-70b,v2 take now,6,allies A,B,0.9999991684720715,2.9361233187546613e-09,0.9999991684720715,8.315279285131538e-07
llama-70b,v2 take now,6,allies B,A,1.1253517547023028e-07,6.6732127601554225e-09,0.9999998874648245,1.1253517547023028e-07
llama-70b,v2 take now,6,allies B,B,5.211412485172657e-10,0.0,0.9999999994788588,0.9999999994788588
llama-70b,v2 take now,6,rivals A,A,4.363462233895698e-09,0.0,0.9999999956365377,4.363462233895698e-09
llama-70b,v2 take now,6,rivals A,B,0.001926734293943221,2.1385528348183414e-08,0.9980732657060568,0.9980732657060568
llama-70b,v2 take now,6,rivals B,A,0.01798621187025419,3.0925182081809055e-08,0.01798621187025419,0.01798621187025419
llama-70b,v2 take now,6,rivals B,B,0.9999999530883621,0.0,0.9999999530883621,4.691163790759845e-08
llama-70b,hold now,1,allies A,A,0.99999999999886,0.0,0.99999999999886,0.99999999999886
llama-70b,hold now,1,allies A,B,1.6701429809483402e-05,0.0,1.6701429809483402e-05,0.9999832985701905
llama-70b,hold now,1,allies B,A,0.8519528000888387,0.0,0.14804719991116133,0.8519528000888387
llama-70b,hold now,1,allies B,B,1.1628233028861717e-10,0.0,0.9999999998837177,0.9999999998837177
llama-70b,hold now,1,rivals A,A,1.7603430034846207e-06,2.7789686996015917e-08,0.9999982396569965,1.7603430034846207e-06
llama-70b,hold now,1,rivals A,B,1.725782769012759e-08,0.0,0.9999999827421723,0.9999999827421723
llama-70b,hold now,1,rivals B,A,0.9999999634651793,0.0,0.9999999634651793,0.9999999634651793
llama-70b,hold now,1,rivals B,B,0.07585817323116975,2.2999097071263463e-08,0.07585817323116975,0.9241418267688303
llama-70b,hold now,3,allies A,A,0.9999999999934397,0.0,0.9999999999934397,0.9999999999934397
llama-70b,hold now,3,allies A,B,0.0005527785524441057,4.680115472943669e-08,0.0005527785524441057,0.9994472214475559
llama-70b,hold now,3,allies B,A,9.6102392145663e-05,0.0,0.9999038976078544,9.6102392145663e-05
llama-70b,hold now,3,allies B,B,3.3315445420554206e-11,0.0,0.9999999999666845,0.9999999999666845
llama-70b,hold now,3,rivals A,A,3.7266388399012532e-06,0.0,0.9999962733611601,3.7266388399012532e-06
llama-70b,hold now,3,rivals A,B,8.152020648014727e-09,0.0,0.9999999918479794,0.9999999918479794
llama-70b,hold now,3,rivals B,A,0.999999814460854,5.2879385996545803e-08,0.999999814460854,0.999999814460854
llama-70b,hold now,3,rivals B,B,0.0293122327122782,0.0,0.0293122327122782,0.9706877672877218
llama-70b,hold now,6,allies A,A,0.9999999999705993,0.0,0.9999999999705993,0.9999999999705993
llama-70b,hold now,6,allies A,B,0.11920291732853862,4.0631523257061986e-08,0.11920291732853862,0.8807970826714614
llama-70b,hold now,6,allies B,A,1.0129987357587944e-05,2.696034839821948e-09,0.9999898700126424,1.0129987357587944e-05
llama-70b,hold now,6,allies B,B,2.1724399346070676e-10,0.0,0.999999999782756,0.999999999782756
llama-70b,hold now,6,rivals A,A,3.059023363227481e-07,5.171886718891017e-08,0.9999996940976636,3.059023363227481e-07
llama-70b,hold now,6,rivals A,B,6.023574193117954e-08,5.897353694273022e-08,0.999999939764258,0.999999939764258
llama-70b,hold now,6,rivals B,A,0.9999921107355332,0.0,0.9999921107355332,0.9999921107355332
llama-70b,hold now,6,rivals B,B,0.4378234991142018,0.0,0.4378234991142018,0.5621765008857982
llama-70b,choose after considering,1,allies A,A,0.9999999999981204,0.0,0.9999999999981204,0.9999999999981204
llama-70b,choose after considering,1,allies A,B,0.3208213073183839,0.0,0.3208213073183839,0.6791786926816161
llama-70b,choose after considering,1,allies B,A,0.00015843623599935339,0.0,0.9998415637640007,0.00015843623599935339
llama-70b,choose after considering,1,allies B,B,1.493094675974212e-10,0.0,0.9999999998506905,0.9999999998506905
llama-70b,choose after considering,1,rivals A,A,1.9555680705410518e-08,0.0,0.9999999804443193,1.9555680705410518e-08
llama-70b,choose after considering,1,rivals A,B,1.3007123813723801e-05,0.0,0.9999869928761863,0.9999869928761863
llama-70b,choose after considering,1,rivals B,A,0.9999982396569965,2.7793115759002596e-08,0.9999982396569965,0.9999982396569965
llama-70b,choose after considering,1,rivals B,B,0.9999996072136593,0.0,0.9999996072136593,3.9278634067496654e-07
llama-70b,choose after considering,3,allies A,A,0.9999999999954912,0.0,0.9999999999954912,0.9999999999954912
llama-70b,choose after considering,3,allies A,B,0.9997388096898188,4.8197415226686625e-08,0.9997388096898188,0.0002611903101812363
llama-70b,choose after considering,3,allies B,A,6.475945666068735e-07,0.0,0.9999993524054334,6.475945666068735e-07
llama-70b,choose after considering,3,allies B,B,4.0586521248284276e-10,0.0,0.9999999995941348,0.9999999995941348
llama-70b,choose after considering,3,rivals A,A,8.152020648005434e-09,0.0,0.9999999918479794,8.152020648005434e-09
llama-70b,choose after considering,3,rivals A,B,0.0019267342939427317,2.1385274440177682e-08,0.9980732657060573,0.9980732657060573
llama-70b,choose after considering,3,rivals B,A,0.9990889486412498,0.0,0.9990889486412498,0.9990889486412498
llama-70b,choose after considering,3,rivals B,B,0.9999997617630333,1.791421051509117e-10,0.9999997617630333,2.3823696670977057e-07
llama-70b,choose after considering,6,allies A,A,0.9999999999740539,0.0,0.9999999999740539,0.9999999999740539
llama-70b,choose after considering,6,allies A,B,0.9999989322970027,5.179245702754819e-09,0.9999989322970027,1.0677029973482632e-06
llama-70b,choose after considering,6,allies B,A,2.382369667932484e-07,1.8077206398459111e-10,0.9999997617630332,2.382369667932484e-07
llama-70b,choose after considering,6,allies B,B,1.493094675974231e-10,0.0,0.9999999998506905,0.9999999998506905
llama-70b,choose after considering,6,rivals A,A,5.602796406135409e-09,0.0,0.9999999943972036,5.602796406135409e-09
llama-70b,choose after considering,6,rivals A,B,0.00015843623599947536,0.0,0.9998415637640006,0.9998415637640006
llama-70b,choose after considering,6,rivals B,A,0.07585817323116975,2.2999097071263463e-08,0.07585817323116975,0.07585817323116975
llama-70b,choose after considering,6,rivals B,B,0.9999999468421502,0.0,0.9999999468421502,5.315784978865423e-08
llama-70b,stay or switch,1,allies A,A,0.9999999999995248,0.0,0.9999999999995248,0.9999999999995248
llama-70b,stay or switch,1,allies A,B,0.37754066879814546,2.132759413520091e-09,0.37754066879814546,0.6224593312018545
llama-70b,stay or switch,1,allies B,A,1.3007123813716577e-05,0.0,0.9999869928761863,1.3007123813716577e-05
llama-70b,stay or switch,1,allies B,B,7.052879850614615e-11,0.0,0.9999999999294712,0.9999999999294712
llama-70b,stay or switch,1,rivals A,A,5.3157849718439886e-08,0.0,0.9999999468421503,5.3157849718439886e-08
llama-70b,stay or switch,1,rivals A,B,3.7266388399125903e-06,0.0,0.99999627336116,0.99999627336116
llama-70b,stay or switch,1,rivals B,A,0.9999546021475793,1.8823092208782662e-08,0.9999546021475793,0.9999546021475793
llama-70b,stay or switch,1,rivals B,B,0.9998766053808289,0.0,0.9998766053808289,0.00012339461917110217
llama-70b,stay or switch,3,allies A,A,0.9999999999954912,0.0,0.9999999999954912,0.9999999999954912
llama-70b,stay or switch,3,allies A,B,0.9999970976880149,0.0,0.9999970976880149,2.902311985075734e-06
llama-70b,stay or switch,3,allies B,A,2.5109990926914637e-08,0.0,0.999999974890009,2.5109990926914637e-08
llama-70b,stay or switch,3,allies B,B,4.277787868786004e-11,0.0,0.9999999999572221,0.9999999999572221
llama-70b,stay or switch,3,rivals A,A,1.1861120010651275e-08,0.0,0.99999998813888,1.1861120010651275e-08
llama-70b,stay or switch,3,rivals A,B,0.014063626423394072,0.0,0.9859363735766059,0.9859363735766059
llama-70b,stay or switch,3,rivals B,A,0.14804719991116141,0.0,0.14804719991116141,0.14804719991116141
llama-70b,stay or switch,3,rivals B,B,0.9999921107355331,0.0,0.9999921107355331,7.8892644669315e-06
llama-70b,stay or switch,6,allies A,A,0.9999999998308102,0.0,0.9999999998308102,0.9999999998308102
llama-70b,stay or switch,6,allies A,B,0.9999997617630333,1.8135744417424873e-10,0.9999997617630333,2.3823696670977057e-07
llama-70b,stay or switch,6,allies B,A,3.653482080237563e-08,0.0,0.9999999634651792,3.653482080237563e-08
llama-70b,stay or switch,6,allies B,B,5.905303995456778e-10,0.0,0.9999999994094696,0.9999999994094696
llama-70b,stay or switch,6,rivals A,A,7.194132978559303e-09,0.0,0.999999992805867,7.194132978559303e-09
llama-70b,stay or switch,6,rivals A,B,0.9914225147446858,3.787123801883563e-08,0.00857748525531421,0.00857748525531421
llama-70b,stay or switch,6,rivals B,A,3.726638839910795e-06,0.0,3.726638839910795e-06,3.726638839910795e-06
llama-70b,stay or switch,6,rivals B,B,0.9999998362622942,0.0,0.9999998362622942,1.6373770583832936e-07
