arm,question,framing,counts,s0,mapping,order,perm,seq,correct,key,model,tag,temperature,served,cost,rep,pA,leak,censored,pA_exact,leak_exact,content,top5
comprehension,rival_majority,neutral,0231,1,0,1,0,aQrPrPrQaQrP,A,gemma-31b-local-smoke,google/gemma-4-31b-it,local/bf16,1.0,local-hf-transformers,0.0,0,0.999999951599273,4.767764605340119e-06,1,0.9999999995793731,4.708346312443101e-06,A,'A':-0.000 | ' A':-15.938 | ' Balancing':-16.313 | '#':-16.344 | '\\':-16.844
comprehension,rival_majority,neutral,0231,1,0,1,0,aQrPrPrQaQrP,A,gemma-31b-local-smoke,google/gemma-4-31b-it,local/bf16,1.0,local-hf-transformers,0.0,1,0.999999951599273,4.767764605340119e-06,1,0.9999999995793731,4.708346312443101e-06,A,'A':-0.000 | ' A':-15.938 | ' Balancing':-16.313 | '#':-16.344 | '\\':-16.844
comprehension,own,neutral,1005,1,0,1,0,rQrQrQrQaPrQ,A,gemma-31b-local-smoke,google/gemma-4-31b-it,local/bf16,1.0,local-hf-transformers,0.0,0,0.9999999388157064,7.370077626966953e-06,1,0.9999999998834103,7.3908593632571185e-06,A,'A':-0.000 | '#':-15.781 | ' A':-15.781 | '\\':-16.500 | ' Balancing':-16.609
comprehension,own,neutral,1005,1,0,1,0,rQrQrQrQaPrQ,A,gemma-31b-local-smoke,google/gemma-4-31b-it,local/bf16,1.0,local-hf-transformers,0.0,1,0.9999999388157064,7.370077626966953e-06,1,0.9999999998834103,7.3908593632571185e-06,A,'A':-0.000 | '#':-15.781 | ' A':-15.781 | '\\':-16.500 | ' Balancing':-16.609
comprehension,ally_majority,neutral,0311,1,0,0,0,aQrPaQrQaQ,B,gemma-31b-local-smoke,google/gemma-4-31b-it,local/bf16,1.0,local-hf-transformers,0.0,0,8.071593671378209e-10,1.4615603616263684e-08,1,4.015613254240489e-13,-4.015676680069191e-13,B,'B':-0.000 | ' B':-15.312 | '(':-20.375 | '#':-20.594 | '**':-20.938
comprehension,ally_majority,neutral,0311,1,0,0,0,aQrPaQrQaQ,B,gemma-31b-local-smoke,google/gemma-4-31b-it,local/bf16,1.0,local-hf-transformers,0.0,1,8.071593671378209e-10,1.4615603616263684e-08,1,4.015613254240489e-13,-4.015676680069191e-13,B,'B':-0.000 | ' B':-15.312 | '(':-20.375 | '#':-20.594 | '**':-20.938
comprehension,own,neutral,0120,-1,0,1,0,aQrPrP,B,gemma-31b-local-smoke,google/gemma-4-31b-it,local/bf16,1.0,local-hf-transformers,0.0,0,1.2698399263623946e-09,1.4615603616263684e-08,1,1.2566374807050447e-13,-1.2567724638756772e-13,B,'B':-0.000 | ' B':-15.312 | '#':-19.906 | '(':-20.312 | '**':-20.484
comprehension,own,neutral,0120,-1,0,1,0,aQrPrP,B,gemma-31b-local-smoke,google/gemma-4-31b-it,local/bf16,1.0,local-hf-transformers,0.0,1,1.2698399263623946e-09,1.4615603616263684e-08,1,1.2566374807050447e-13,-1.2567724638756772e-13,B,'B':-0.000 | ' B':-15.312 | '#':-19.906 | '(':-20.312 | '**':-20.484
comprehension,own,neutral,1001,1,0,1,0,aPrQ,A,gemma-31b-local-smoke,google/gemma-4-31b-it,local/bf16,1.0,local-hf-transformers,0.0,0,0.9999998975355447,1.167001455226746e-05,1,0.9999999998303034,1.1682340681343217e-05,A,'A':-0.000 | '#':-15.625 | ' A':-15.844 | '\\':-16.094 | ' Balancing':-16.094
comprehension,own,neutral,1001,1,0,1,0,aPrQ,A,gemma-31b-local-smoke,google/gemma-4-31b-it,local/bf16,1.0,local-hf-transformers,0.0,1,0.9999998975355447,1.167001455226746e-05,1,0.9999999998303034,1.1682340681343217e-05,A,'A':-0.000 | '#':-15.625 | ' A':-15.844 | '\\':-16.094 | ' Balancing':-16.094
comprehension,ally_majority,neutral,2020,1,0,0,0,rPrPaPaP,A,gemma-31b-local-smoke,google/gemma-4-31b-it,local/bf16,1.0,local-hf-transformers,0.0,0,0.9999999123574732,1.5854584314745068e-05,1,0.9999999995502082,1.579478108088006e-05,A,'A':-0.000 | '<eos>':-15.531 | ' Balancing':-15.594 | '#':-15.656 | '\\':-16.250
comprehension,ally_majority,neutral,2020,1,0,0,0,rPrPaPaP,A,gemma-31b-local-smoke,google/gemma-4-31b-it,local/bf16,1.0,local-hf-transformers,0.0,1,0.9999999123574732,1.5854584314745068e-05,1,0.9999999995502082,1.579478108088006e-05,A,'A':-0.000 | '<eos>':-15.531 | ' Balancing':-15.594 | '#':-15.656 | '\\':-16.250
comprehension,ally_majority,neutral,1401,-1,0,1,0,aQaQaPaQrQaQ,B,gemma-31b-local-smoke,google/gemma-4-31b-it,local/bf16,1.0,local-hf-transformers,0.0,0,5.293480457368933e-10,3.1566793179393926e-08,1,2.2179835517424135e-13,5.9604422952830305e-08,B,'B':-0.000 | ' B':-16.250 | '(':-20.750 | '**':-21.219 | '#':-21.359
comprehension,ally_majority,neutral,1401,-1,0,1,0,aQaQaPaQrQaQ,B,gemma-31b-local-smoke,google/gemma-4-31b-it,local/bf16,1.0,local-hf-transformers,0.0,1,5.293480457368933e-10,3.1566793179393926e-08,1,2.2179835517424135e-13,5.9604422952830305e-08,B,'B':-0.000 | ' B':-16.250 | '(':-20.750 | '**':-21.219 | '#':-21.359
comprehension,own,neutral,1000,-1,0,0,0,aP,B,gemma-31b-local-smoke,google/gemma-4-31b-it,local/bf16,1.0,local-hf-transformers,0.0,0,1.0693124848060403e-09,6.851653711059669e-08,1,5.326978325517668e-13,5.960411209038341e-08,B,'B':-0.000 | ' B':-13.938 | '#':-19.906 | '**':-20.156 | '(':-20.656
comprehension,own,neutral,1000,-1,0,0,0,aP,B,gemma-31b-local-smoke,google/gemma-4-31b-it,local/bf16,1.0,local-hf-transformers,0.0,1,1.0693124848060403e-09,6.851653711059669e-08,1,5.326978325517668e-13,5.960411209038341e-08,B,'B':-0.000 | ' B':-13.938 | '#':-19.906 | '**':-20.156 | '(':-20.656
comprehension,rival_majority,neutral,0132,1,0,1,0,rPrPrQrPrQaQ,A,gemma-31b-local-smoke,google/gemma-4-31b-it,local/bf16,1.0,local-hf-transformers,0.0,0,0.9999999273418866,6.927582586802039e-06,1,0.9999999993195903,6.853853744104299e-06,A,'A':-0.000 | ' Balancing':-15.625 | '#':-15.906 | ' A':-16.063 | '<eos>':-16.438
comprehension,rival_majority,neutral,0132,1,0,1,0,rPrPrQrPrQaQ,A,gemma-31b-local-smoke,google/gemma-4-31b-it,local/bf16,1.0,local-hf-transformers,0.0,1,0.9999999273418866,6.927582586802039e-06,1,0.9999999993195903,6.853853744104299e-06,A,'A':-0.000 | ' Balancing':-15.625 | '#':-15.906 | ' A':-16.063 | '<eos>':-16.438
comprehension,ally_majority,neutral,3201,-1,0,0,0,rQaQaQaPaPaP,A,gemma-31b-local-smoke,google/gemma-4-31b-it,local/bf16,1.0,local-hf-transformers,0.0,0,0.9999999123574823,6.215588522096027e-06,1,0.9999999974336377,6.196316710171956e-06,A,'A':-0.000 | '#':-15.688 | ' A':-16.094 | '\\':-16.250 | ' Balancing':-16.250
comprehension,ally_majority,neutral,3201,-1,0,0,0,rQaQaQaPaPaP,A,gemma-31b-local-smoke,google/gemma-4-31b-it,local/bf16,1.0,local-hf-transformers,0.0,1,0.9999999123574823,6.215588522096027e-06,1,0.9999999974336377,6.196316710171956e-06,A,'A':-0.000 | '#':-15.688 | ' A':-16.094 | '\\':-16.250 | ' Balancing':-16.250
