pair,arm,coef,local,provider,diff,diff_lo,diff_hi,se_local,se_provider,agrees,n_shared_cells,n_local,n_provider
gemma-31b (Io Net) vs gemma-31b-local,neutral_own,b_a,1.2967658879874502,1.2984276784508226,0.0016617904633724478,-0.11462443655930621,0.11715136843931478,0.10874683847651734,0.10100029955644428,True,418,836,836
gemma-31b (Io Net) vs gemma-31b-local,neutral_own,b_r,0.9271601094693485,0.8897844627601599,-0.03737564670918858,-0.12065981437721202,0.03764281449128411,0.0766172499409335,0.07426486697797216,True,418,836,836
gemma-31b (Io Net) vs gemma-31b-local,neutral_own,gamma,0.07790331607021526,-0.06989090316384762,-0.14779421923406288,-0.2492427566324184,-0.04785750551658447,0.12078610108299746,0.11503799452735063,False,418,836,836
gemma-31b (Io Net) vs gemma-31b-local,neutral_own,h,0.446832678927626,0.4862023762500985,0.039369697322472474,-0.07858619334951833,0.163024945688042,0.1312154727786488,0.12448289385339077,True,418,836,836
gemma-31b (Io Net) vs gemma-31b-local,neutral_own,h_O,0.08708262542061654,-0.02337224363398341,-0.11045486905459995,-0.20826601595654104,-0.019100367783873015,0.09295386746057832,0.09314931617895782,False,418,836,836
gemma-31b (Io Net) vs gemma-31b-local,neutral_own,beta,1.1119629987283992,1.0941060706054913,-0.017856928122907956,-0.10486977616299242,0.06878232648098614,0.08138422594907785,0.07655565296992774,True,418,836,836
gemma-31b (Io Net) vs gemma-31b-local,neutral_own,alpha,1.052265890674471,0.9545969906733137,-0.09766890000115735,-0.3517809144136405,0.08036218191902625,0.19828191150707547,0.17958601375067276,True,418,836,836
gemma-31b (Io Net) vs gemma-31b-local,neutral_noown,b_a,0.7465843722470669,0.6915480457093981,-0.05503632653766877,-0.1877917458243711,0.034268799805191257,0.1097652242645938,0.10072101930547057,True,209,418,418
gemma-31b (Io Net) vs gemma-31b-local,neutral_noown,b_r,1.4881397215207788,1.513743117486548,0.025603395965769327,-0.18946141823753956,0.21410486509808044,0.17730108329113925,0.17172783491939758,True,209,418,418
gemma-31b (Io Net) vs gemma-31b-local,neutral_noown,h,0.06239326573243505,0.11133092269731755,0.048937656964882496,-0.11646598235772398,0.21317345979306804,0.200745802061337,0.18617574724728292,True,209,418,418
gemma-31b (Io Net) vs gemma-31b-local,neutral_noown,h_O,0.0557400718056144,0.11496271082647709,0.059222639020862694,-0.05925710963739425,0.19907363628630492,0.1018131744542684,0.11895990042433201,True,209,418,418
gemma-31b (Io Net) vs gemma-31b-local,neutral_noown,beta,1.117362046883923,1.1026455815979732,-0.01471646528594972,-0.17578297091580042,0.1140545083669636,0.12338627774129282,0.11833246182461567,True,209,418,418
gemma-31b (Io Net) vs gemma-31b-local,neutral_noown,alpha,1.055173146332435,0.9605683397178217,-0.09460480661461323,-0.4847254424757089,0.07070592911582722,0.3246056228118862,0.28366767071564963,True,209,418,418
gemma-31b (Io Net) vs gemma-31b-local,political,b_a,2.4123670641514017,2.4843709397364955,0.0720038755850938,-0.23487246193035932,0.3568500793158259,0.3073797908785701,0.30392314218989486,True,418,1672,1672
gemma-31b (Io Net) vs gemma-31b-local,political,b_r,-0.5804140052193418,-0.6087784494586446,-0.028364444239302733,-0.10643406418897014,0.06420742015935586,0.14405244743076542,0.1343541220340362,True,418,1672,1672
gemma-31b (Io Net) vs gemma-31b-local,political,gamma,4.0543287656806415,4.442924630173026,0.3885958644923848,-0.08391327187586746,0.845178492869558,0.5623043651972939,0.5651030686615001,True,418,1672,1672
gemma-31b (Io Net) vs gemma-31b-local,political,h_C,0.036643693451871025,0.027490444681469446,-0.009153248770401579,-0.14587402091185336,0.13894193137605254,0.16216177720805025,0.1632693482656927,True,418,1672,1672
gemma-31b (Io Net) vs gemma-31b-local,political,h_L,-0.30947191734769813,-0.3504915977177256,-0.041019680370027456,-0.14559137940313088,0.08905610069065209,0.07468433475396498,0.0781399542265233,True,418,1672,1672
gemma-31b (Io Net) vs gemma-31b-local,political,h_O,-0.15624341968150016,-0.2995034820577828,-0.14326006237628267,-0.26958479329449964,-0.023059585047147196,0.07100130826801217,0.07563247871032679,False,418,1672,1672
gemma-31b (Io Net) vs gemma-31b-local,political,beta,0.9159765294660299,0.9377962451389255,0.021819715672895534,-0.09018335863544856,0.14424322698785896,0.10236424246843781,0.10768210932051081,True,418,1672,1672
gemma-31b (Io Net) vs gemma-31b-local,political,alpha,0.1274723202686127,0.037352553839807574,-0.09011976642880512,-0.27600742998399086,0.04257871487851966,0.10431073890599685,0.12429302739334339,True,418,1672,1672
gemma-31b (Io Net) vs gemma-31b-local,workplace,b_a,1.5423737161854427,1.43672560752521,-0.10564810866023278,-0.19123534042817442,-0.02707177802274002,0.09432125515278313,0.08679030038633813,False,418,1672,1672
gemma-31b (Io Net) vs gemma-31b-local,workplace,b_r,0.2421784253668278,0.18575291949050496,-0.056425505876322835,-0.10354718756110809,-0.01310826580659588,0.05462357629602789,0.0523559934670956,False,418,1672,1672
gemma-31b (Io Net) vs gemma-31b-local,workplace,gamma,1.141594623474128,1.219875887551474,0.07828126407734581,-0.02684355764961518,0.17818829089214938,0.12149705036688989,0.11911211307714749,True,418,1672,1672
gemma-31b (Io Net) vs gemma-31b-local,workplace,h_C,0.17828721793910682,0.23035408414975678,0.05206686621064996,-0.02755199009979846,0.13715575673550975,0.11433138884645436,0.10868252061646431,True,418,1672,1672
gemma-31b (Io Net) vs gemma-31b-local,workplace,h_L,-0.14394452186883755,-0.2238373063239973,-0.07989278445515974,-0.15929755928618414,-0.003404379564660643,0.04993408776280267,0.05175268219187929,False,418,1672,1672
gemma-31b (Io Net) vs gemma-31b-local,workplace,h_O,-0.36266949532790865,-0.32842434840128004,0.03424514692662861,-0.04440326983775797,0.11435152221317611,0.06216851117731472,0.05940035715370081,True,418,1672,1672
gemma-31b (Io Net) vs gemma-31b-local,workplace,beta,0.8922760707761352,0.8112392635078575,-0.08103680726827778,-0.13781535901727432,-0.02815223530282294,0.05563837009435185,0.05098016787778808,False,418,1672,1672
gemma-31b (Io Net) vs gemma-31b-local,workplace,alpha,0.670462079760362,0.5783465076033233,-0.0921155721570387,-0.3219541243495714,0.05931261820098248,0.2075159576127366,0.17868547711326258,True,418,1672,1672
gemma-26b (Parasail) vs gemma-26b-local,neutral_own,b_a,1.6374104163566596,1.5555046112528237,-0.08190580510383594,-0.17614232738996255,0.0036195942494733524,0.10285946403338841,0.10035126509958,True,418,836,836
gemma-26b (Parasail) vs gemma-26b-local,neutral_own,b_r,-0.11310077398986565,-0.1524930145519724,-0.039392240562106745,-0.07332583627865767,-0.0093365775872511,0.05177653845043214,0.054203402619291234,False,418,836,836
gemma-26b (Parasail) vs gemma-26b-local,neutral_own,gamma,-0.5001545633101786,-0.533937400791361,-0.03378283748118238,-0.09912038944935163,0.029454460482733893,0.12172527561940633,0.12113544611656711,True,418,836,836
gemma-26b (Parasail) vs gemma-26b-local,neutral_own,h,0.16745902054120232,0.16582794490257846,-0.0016310756386238578,-0.06305682378189839,0.07041106200721198,0.11895365293085261,0.11967721482418024,True,418,836,836
gemma-26b (Parasail) vs gemma-26b-local,neutral_own,h_O,0.2175932503797128,0.25667178704002175,0.03907853666030894,-0.03584295249055715,0.11322654082907631,0.056876523740348434,0.051358833439416364,True,418,836,836
gemma-26b (Parasail) vs gemma-26b-local,neutral_own,beta,0.762154821183397,0.7015057983504256,-0.060649022832971355,-0.11164759342412651,-0.014331588713190423,0.05539933982930432,0.05456777954446416,False,418,836,836
gemma-26b (Parasail) vs gemma-26b-local,neutral_own,alpha,0.4090197265903426,0.45607832363197526,0.04705859704163268,-0.06258298281639214,0.16724995573127083,0.17998769239234544,0.173544700332791,True,418,836,836
gemma-26b (Parasail) vs gemma-26b-local,neutral_noown,b_a,1.2090159285660833,1.2245561893422958,0.015540260776212511,-0.09362505809211487,0.12412791245067221,0.11570116198307329,0.11792387937348858,True,209,418,418
gemma-26b (Parasail) vs gemma-26b-local,neutral_noown,b_r,0.01873789152862178,-0.002108804503127826,-0.020846696031749608,-0.07387756715443276,0.025949115693160208,0.07780184068738813,0.07692907831288437,True,209,418,418
gemma-26b (Parasail) vs gemma-26b-local,neutral_noown,h,0.06559558186712038,0.042560915389536005,-0.02303466647758437,-0.1188336521939412,0.08563759343361653,0.15464196958489215,0.15169889659110397,True,209,418,418
gemma-26b (Parasail) vs gemma-26b-local,neutral_noown,h_O,0.13306255616035467,0.19708339036783715,0.06402083420748247,-0.024734652341334592,0.14782719818321116,0.06716843416939564,0.06580069055313116,True,209,418,418
gemma-26b (Parasail) vs gemma-26b-local,neutral_noown,beta,0.6138769100473526,0.611223692419584,-0.0026532176277686004,-0.06217538429717577,0.054830863626718816,0.0755387761798306,0.07404535040211595,True,209,418,418
gemma-26b (Parasail) vs gemma-26b-local,neutral_noown,alpha,0.851346340864657,0.7655335268087514,-0.08581281405590557,-0.5682316550042017,0.5144386577590476,0.4078002276362466,0.5013886479365257,True,209,418,418
gemma-26b (Parasail) vs gemma-26b-local,political,b_a,1.195140647862942,1.0922482656314507,-0.10289238223149133,-0.2966930790868064,0.07090175235238279,0.09733423886132728,0.0877087077833802,True,418,1672,1672
gemma-26b (Parasail) vs gemma-26b-local,political,b_r,-0.4079276454813428,-0.49291807919695985,-0.08499043371561704,-0.204835730907578,0.029779183610458563,0.06684388076886254,0.06853879342888271,True,418,1672,1672
gemma-26b (Parasail) vs gemma-26b-local,political,gamma,6.024961926406935,5.25078237199229,-0.774179554414645,-1.584359946770045,-0.0992621452282323,0.38359425756458115,0.366045880738506,False,418,1672,1672
gemma-26b (Parasail) vs gemma-26b-local,political,h_C,1.4270982133458134,1.3966158901367067,-0.03048232320910671,-0.47180697397718174,0.3485869836911847,0.2637155732036898,0.2350651073141734,True,418,1672,1672
gemma-26b (Parasail) vs gemma-26b-local,political,h_L,0.7349781866298112,0.31516176696280646,-0.4198164196670047,-0.6590022935425296,-0.21465268200036935,0.11516084038923388,0.0934409737817913,False,418,1672,1672
gemma-26b (Parasail) vs gemma-26b-local,political,h_O,-0.29308138092512354,-0.19050043305711353,0.10258094786801,-0.0885895416997378,0.3010390653845334,0.12090467954835298,0.09876440243707565,True,418,1672,1672
gemma-26b (Parasail) vs gemma-26b-local,political,beta,0.39360650119079965,0.29966509321724544,-0.09394140797355421,-0.1936669313643632,-0.0001243295869861234,0.04574358863301559,0.045028273645755866,False,418,1672,1672
gemma-26b (Parasail) vs gemma-26b-local,political,alpha,0.0374685543199794,0.15987549824084163,0.12240694392086224,-0.26361383402089184,0.4174796745456663,0.1845035966661188,0.18128715040839188,True,418,1672,1672
gemma-26b (Parasail) vs gemma-26b-local,workplace,b_a,1.6343004465497197,1.6489358683381106,0.014635421788390834,-0.09838153611906461,0.1235566851697325,0.13254649321519668,0.12905404194394887,True,418,1672,1672
gemma-26b (Parasail) vs gemma-26b-local,workplace,b_r,-1.0313159862061032,-1.022776934672438,0.008539051533665187,-0.07297351909775904,0.08462812220341015,0.09472711597575076,0.08755460705992872,True,418,1672,1672
gemma-26b (Parasail) vs gemma-26b-local,workplace,gamma,2.0736556881324297,2.2744370757496277,0.200781387617198,0.060295829269767745,0.3397255490222369,0.186614242547784,0.18031065752475137,False,418,1672,1672
gemma-26b (Parasail) vs gemma-26b-local,workplace,h_C,1.6619762174270694,1.8627256327154331,0.20074941528836376,0.08148487839187174,0.31640178869988445,0.16828233744586818,0.1611540375838961,False,418,1672,1672
gemma-26b (Parasail) vs gemma-26b-local,workplace,h_L,-0.35932700665461004,-0.3810270577566858,-0.02170005110207579,-0.1024678704072935,0.057757862345014226,0.06248683110767043,0.06426899850685497,True,418,1672,1672
gemma-26b (Parasail) vs gemma-26b-local,workplace,h_O,-0.2189350305934797,-0.28511641259752657,-0.06618138200404686,-0.1540149131098539,0.014470344625437023,0.06234817845473956,0.061173169503046895,True,418,1672,1672
gemma-26b (Parasail) vs gemma-26b-local,workplace,beta,0.30149223017180826,0.3130794668328363,0.01158723666102801,-0.02550677841609582,0.045235973245257806,0.05103873252262404,0.053654066677064995,True,418,1672,1672
gemma-26b (Parasail) vs gemma-26b-local,workplace,alpha,-0.017085369278617122,0.08276599223383475,0.09985136151245187,-0.024014931133904512,0.25825801495112805,0.1523401065684356,0.12648990393336168,True,418,1672,1672
gemma-26b-cw (CoreWeave) vs gemma-26b-local,neutral_own,b_a,1.6374104163566596,1.5917434189306339,-0.04566699742602576,-0.1285388502385111,0.03380682548057016,0.10285946403338841,0.10448407636606043,True,418,836,836
gemma-26b-cw (CoreWeave) vs gemma-26b-local,neutral_own,b_r,-0.11310077398986565,-0.07934948308597645,0.0337512909038892,0.005813823882111984,0.0650532772464013,0.05177653845043214,0.05370733269751883,False,418,836,836
gemma-26b-cw (CoreWeave) vs gemma-26b-local,neutral_own,gamma,-0.5001545633101786,-0.5959747002750254,-0.09582013696484681,-0.15308051934045644,-0.04316920558118476,0.12172527561940633,0.12161803610807727,False,418,836,836
gemma-26b-cw (CoreWeave) vs gemma-26b-local,neutral_own,h,0.16745902054120232,0.13889193814858652,-0.028567082392615795,-0.08680824587075661,0.03456762243300772,0.11895365293085261,0.12082516751344764,True,418,836,836
gemma-26b-cw (CoreWeave) vs gemma-26b-local,neutral_own,h_O,0.2175932503797128,0.2182812811895519,0.0006880308098390908,-0.06144726734973939,0.06629408515228012,0.056876523740348434,0.053432114862147315,True,418,836,836
gemma-26b-cw (CoreWeave) vs gemma-26b-local,neutral_own,beta,0.762154821183397,0.7561969679223287,-0.0059578532610682355,-0.05015984837207774,0.037328078310208415,0.05539933982930432,0.05605504791723168,True,418,836,836
gemma-26b-cw (CoreWeave) vs gemma-26b-local,neutral_own,alpha,0.4090197265903426,0.5366403882220652,0.1276206616317226,0.033316552660352564,0.2683852285155524,0.17998769239234544,0.19633860303069522,False,418,836,836
gemma-26b-cw (CoreWeave) vs gemma-26b-local,neutral_noown,b_a,1.2090159285660833,1.2010068828602343,-0.008009045705849038,-0.07147352863405118,0.055005578549415644,0.11570116198307329,0.11430386378845304,True,209,418,418
gemma-26b-cw (CoreWeave) vs gemma-26b-local,neutral_noown,b_r,0.01873789152862178,0.0566670153284726,0.03792912379985082,0.00016902260427468656,0.07981104243849374,0.07780184068738813,0.07767319613626263,False,209,418,418
gemma-26b-cw (CoreWeave) vs gemma-26b-local,neutral_noown,h,0.06559558186712038,0.12286644311832466,0.057270861251204286,-0.027962948912135334,0.13541321095758183,0.15464196958489215,0.15191714848997223,True,209,418,418
gemma-26b-cw (CoreWeave) vs gemma-26b-local,neutral_noown,h_O,0.13306255616035467,0.14683890460622748,0.013776348445872805,-0.07602459792205288,0.10342335627666291,0.06716843416939564,0.0734589948490106,True,209,418,418
gemma-26b-cw (CoreWeave) vs gemma-26b-local,neutral_noown,beta,0.6138769100473526,0.6288369490943534,0.014960039047000828,-0.019398657749349877,0.053825607758546556,0.0755387761798306,0.07563331413090449,True,209,418,418
gemma-26b-cw (CoreWeave) vs gemma-26b-local,neutral_noown,alpha,0.851346340864657,0.8477554943515885,-0.003590846513068513,-0.49215251664463694,0.5877188540131971,0.4078002276362466,0.4130319560814104,True,209,418,418
gemma-26b-cw (CoreWeave) vs gemma-26b-local,political,b_a,1.195140647862942,1.1345990483361617,-0.0605415995267804,-0.16763678528116024,0.03772859219579749,0.09733423886132728,0.09220809789146389,True,418,1672,1672
gemma-26b-cw (CoreWeave) vs gemma-26b-local,political,b_r,-0.4079276454813428,-0.4410076601187013,-0.03308001463735849,-0.12024897261871834,0.032554562311596015,0.06684388076886254,0.07713741805279262,True,418,1672,1672
gemma-26b-cw (CoreWeave) vs gemma-26b-local,political,gamma,6.024961926406935,6.000929202935115,-0.024032723471820283,-0.48171533110587955,0.48600191317645236,0.38359425756458115,0.455637896506221,True,418,1672,1672
gemma-26b-cw (CoreWeave) vs gemma-26b-local,political,h_C,1.4270982133458134,1.463161249621742,0.03606303627592866,-0.15194428340843105,0.2715817405190186,0.2637155732036898,0.3032423787596345,True,418,1672,1672
gemma-26b-cw (CoreWeave) vs gemma-26b-local,political,h_L,0.7349781866298112,0.5277834020659113,-0.20719478456389984,-0.3934400014210335,-0.03320915576013657,0.11516084038923388,0.1321388231515574,False,418,1672,1672
gemma-26b-cw (CoreWeave) vs gemma-26b-local,political,h_O,-0.29308138092512354,0.0030544270500966948,0.2961358079752202,0.17694221899972548,0.43895389694275905,0.12090467954835298,0.12252766602970604,False,418,1672,1672
gemma-26b-cw (CoreWeave) vs gemma-26b-local,political,beta,0.39360650119079965,0.3467956941087302,-0.04681080708206947,-0.09766698758531249,-0.0052299138366119,0.04574358863301559,0.04208115312352439,False,418,1672,1672
gemma-26b-cw (CoreWeave) vs gemma-26b-local,political,alpha,0.0374685543199794,-0.1433779120537349,-0.1808464663737143,-0.4662089340673514,0.0610279380727961,0.1845035966661188,0.1980187091590551,True,418,1672,1672
gemma-26b-cw (CoreWeave) vs gemma-26b-local,workplace,b_a,1.6343004465497197,1.6177766229972028,-0.016523823552516914,-0.10934060845491088,0.06690045209103815,0.13254649321519668,0.13002820588144653,True,418,1672,1672
gemma-26b-cw (CoreWeave) vs gemma-26b-local,workplace,b_r,-1.0313159862061032,-0.9997707408019295,0.031545245404173694,-0.03205276505710272,0.09943111914533724,0.09472711597575076,0.08890088887725868,True,418,1672,1672
gemma-26b-cw (CoreWeave) vs gemma-26b-local,workplace,gamma,2.0736556881324297,2.06146720667554,-0.012188481456889555,-0.1516138589287025,0.11435825220684126,0.186614242547784,0.17916104947652314,True,418,1672,1672
gemma-26b-cw (CoreWeave) vs gemma-26b-local,workplace,h_C,1.6619762174270694,1.6255713460602785,-0.036404871366790825,-0.1567845662265742,0.07305877065544875,0.16828233744586818,0.15927063946262174,True,418,1672,1672
gemma-26b-cw (CoreWeave) vs gemma-26b-local,workplace,h_L,-0.35932700665461004,-0.342762326674622,0.016564679979988062,-0.053865715492165074,0.09101814695670055,0.06248683110767043,0.06127693800396632,True,418,1672,1672
gemma-26b-cw (CoreWeave) vs gemma-26b-local,workplace,h_O,-0.2189350305934797,-0.2449100594275196,-0.025975028834039876,-0.0900184477829535,0.03935084738453038,0.06234817845473956,0.06321880852925897,True,418,1672,1672
gemma-26b-cw (CoreWeave) vs gemma-26b-local,workplace,beta,0.30149223017180826,0.30900294109763665,0.00751071092582839,-0.018145801594391726,0.03316119753802625,0.05103873252262404,0.05157114139348319,True,418,1672,1672
gemma-26b-cw (CoreWeave) vs gemma-26b-local,workplace,alpha,-0.017085369278617122,0.03643749467982283,0.053522863958439956,-0.05259149436301179,0.14000218405552767,0.1523401065684356,0.1730751983353438,True,418,1672,1672
