key,layer,arm,target,n,auc,auc_letter_count,auc_shuffled
gemma-26b-local,5,neutral_own,ally_majority,1248,0.9741432445759369,0.9595249835634451,0.4839949046679816
gemma-26b-local,5,neutral_own,rival_majority,1248,0.9645278599605522,0.9554158448389217,0.512060322156476
gemma-26b-local,5,neutral_own,own,1616,1.0,1.0,0.48452357611998825
gemma-26b-local,5,neutral_noown,ally_majority,320,0.930859375,0.958203125,0.4894140625
gemma-26b-local,5,neutral_noown,rival_majority,320,0.9202734375,0.955546875,0.44710937500000003
gemma-26b-local,5,political,ally_majority,1280,0.9592578125,0.9570703125,0.5038598632812501
gemma-26b-local,5,political,rival_majority,1280,0.9580078125000001,0.958203125,0.51222412109375
gemma-26b-local,5,political,own,1672,1.0,1.0,0.5096180261440901
gemma-26b-local,5,workplace,ally_majority,1280,0.9568310546875,0.9570703125,0.47113037109375
gemma-26b-local,5,workplace,rival_majority,1280,0.9632519531249999,0.958203125,0.49258789062499997
gemma-26b-local,5,workplace,own,1672,1.0,1.0,0.5014751837183214
gemma-26b-local,5,neutral_own->political,ally_majority,1280,0.79244140625,,
gemma-26b-local,5,neutral_own->political,rival_majority,1280,0.72441162109375,,
gemma-26b-local,5,neutral_own->political,own,1672,0.9416694329342277,,
