arm,framing,counts,s0,mapping,order,perm,seq,key,model,tag,temperature,served,cost,rep,pA,leak,censored,pA_exact,leak_exact,content,top5
workplace,workplace,0111,-1,0,1,0,aQrPrQ,gemma-26b-local-smoke,google/gemma-4-26b-a4b-it,local/bf16,1.0,local-hf-transformers,0.0,0,7.484626225183945e-05,1.7360025639234777e-09,0,7.484625940194103e-05,-4.243338480591774e-08,B,'B':-0.000 | 'A':-9.500 | ' B':-18.438 | '_':-18.656 | 'BB':-19.188
workplace,workplace,0111,-1,0,1,0,aQrPrQ,gemma-26b-local-smoke,google/gemma-4-26b-a4b-it,local/bf16,1.0,local-hf-transformers,0.0,1,7.484626225183945e-05,1.7360025639234777e-09,0,7.484625940194103e-05,-4.243338480591774e-08,B,'B':-0.000 | 'A':-9.500 | ' B':-18.438 | '_':-18.656 | 'BB':-19.188
neutral_own,neutral,0015,-1,0,1,2,rQrPrQrQrQrQ,gemma-26b-local-smoke,google/gemma-4-26b-a4b-it,local/bf16,1.0,local-hf-transformers,0.0,0,0.9914225128359933,1.6909048182276593e-06,0,0.9914225126991291,1.7220154404640198e-06,A,'A':-0.009 | 'B':-4.759 | 'S':-15.759 | '_':-15.821 | 'R':-16.196
neutral_own,neutral,0015,-1,0,1,2,rQrPrQrQrQrQ,gemma-26b-local-smoke,google/gemma-4-26b-a4b-it,local/bf16,1.0,local-hf-transformers,0.0,1,0.9914225128359933,1.6909048182276593e-06,0,0.9914225126991291,1.7220154404640198e-06,A,'A':-0.009 | 'B':-4.759 | 'S':-15.759 | '_':-15.821 | 'R':-16.196
workplace,workplace,0040,-1,1,1,0,rPrPrPrP,gemma-26b-local-smoke,google/gemma-4-26b-a4b-it,local/bf16,1.0,local-hf-transformers,0.0,0,0.001926734811787809,2.901534843502418e-07,0,0.001926734775689677,2.83936969935894e-07,B,'B':-0.002 | 'A':-6.252 | ' B':-16.252 | 'AA':-16.564 | 'BB':-17.002
workplace,workplace,0040,-1,1,1,0,rPrPrPrP,gemma-26b-local-smoke,google/gemma-4-26b-a4b-it,local/bf16,1.0,local-hf-transformers,0.0,1,0.001926734811787809,2.901534843502418e-07,0,0.001926734775689677,2.83936969935894e-07,B,'B':-0.002 | 'A':-6.252 | ' B':-16.252 | 'AA':-16.564 | 'BB':-17.002
neutral_own,neutral,2120,-1,0,1,0,rPaQaPaPrP,gemma-26b-local-smoke,google/gemma-4-26b-a4b-it,local/bf16,1.0,local-hf-transformers,0.0,0,0.9770226309262802,1.2643665651713987e-06,0,0.9770226281961786,1.261010766029358e-06,A,'A':-0.023 | 'B':-3.773 | '_':-15.461 | 'b':-16.336 | 'BA':-16.523
neutral_own,neutral,2120,-1,0,1,0,rPaQaPaPrP,gemma-26b-local-smoke,google/gemma-4-26b-a4b-it,local/bf16,1.0,local-hf-transformers,0.0,1,0.9770226309262802,1.2643665651713987e-06,0,0.9770226281961786,1.261010766029358e-06,A,'A':-0.023 | 'B':-3.773 | '_':-15.461 | 'b':-16.336 | 'BA':-16.523
political,political,0311,1,1,1,0,aQaQaQrQrP,gemma-26b-local-smoke,google/gemma-4-26b-a4b-it,local/bf16,1.0,local-hf-transformers,0.0,0,0.012431650150544538,1.9604891299263016e-07,0,0.012431650447062239,1.51805579662323e-07,B,'B':-0.013 | 'A':-4.388 | 'AA':-16.700 | ' B':-17.013 | '_':-17.388
political,political,0311,1,1,1,0,aQaQaQrQrP,gemma-26b-local-smoke,google/gemma-4-26b-a4b-it,local/bf16,1.0,local-hf-transformers,0.0,1,0.012431650150544538,1.9604891299263016e-07,0,0.012431650447062239,1.51805579662323e-07,B,'B':-0.013 | 'A':-4.388 | 'AA':-16.700 | ' B':-17.013 | '_':-17.388
workplace,workplace,2022,-1,1,0,0,aPrPaPrQrPrQ,gemma-26b-local-smoke,google/gemma-4-26b-a4b-it,local/bf16,1.0,local-hf-transformers,0.0,0,0.00010889693307365455,2.7673773606018415e-08,0,0.00010889693587821224,6.03613443672657e-08,B,'B':-0.000 | 'A':-9.125 | ' B':-17.688 | '_':-17.813 | 'b':-18.875
workplace,workplace,2022,-1,1,0,0,aPrPaPrQrPrQ,gemma-26b-local-smoke,google/gemma-4-26b-a4b-it,local/bf16,1.0,local-hf-transformers,0.0,1,0.00010889693307365455,2.7673773606018415e-08,0,0.00010889693587821224,6.03613443672657e-08,B,'B':-0.000 | 'A':-9.125 | ' B':-17.688 | '_':-17.813 | 'b':-18.875
workplace,workplace,4101,-1,1,0,0,aQaPaPaPrQaP,gemma-26b-local-smoke,google/gemma-4-26b-a4b-it,local/bf16,1.0,local-hf-transformers,0.0,0,1.2359570917379458e-07,0.0,0,1.2359571090101557e-07,-4.386421892377257e-09,B,'B':-0.000 | 'A':-15.906 | 'b':-18.406 | '_':-18.625 | ' B':-19.453
workplace,workplace,4101,-1,1,0,0,aQaPaPaPrQaP,gemma-26b-local-smoke,google/gemma-4-26b-a4b-it,local/bf16,1.0,local-hf-transformers,0.0,1,1.2359570917379458e-07,0.0,0,1.2359571090101557e-07,-4.386421892377257e-09,B,'B':-0.000 | 'A':-15.906 | 'b':-18.406 | '_':-18.625 | ' B':-19.453
workplace,workplace,1111,-1,1,1,0,rPrQaQaP,gemma-26b-local-smoke,google/gemma-4-26b-a4b-it,local/bf16,1.0,local-hf-transformers,0.0,0,0.9986749777999953,1.917322748398037e-08,0,0.9986749779343637,-1.0826624929904938e-08,A,'A':-0.001 | 'B':-6.626 | 'S':-17.908 | '_':-18.251 | 'BA':-18.408
workplace,workplace,1111,-1,1,1,0,rPrQaQaP,gemma-26b-local-smoke,google/gemma-4-26b-a4b-it,local/bf16,1.0,local-hf-transformers,0.0,1,0.9986749777999953,1.917322748398037e-08,0,0.9986749779343637,-1.0826624929904938e-08,A,'A':-0.001 | 'B':-6.626 | 'S':-17.908 | '_':-18.251 | 'BA':-18.408
political,political,2112,-1,1,0,0,rQaPrPrQaPaQ,gemma-26b-local-smoke,google/gemma-4-26b-a4b-it,local/bf16,1.0,local-hf-transformers,0.0,0,0.9999296881742673,1.670928414113982e-08,0,0.9999296881750833,-3.795139491558075e-08,A,'A':-0.000 | 'B':-9.563 | '_':-17.875 | 'AA':-19.125 | 'S':-19.438
political,political,2112,-1,1,0,0,rQaPrPrQaPaQ,gemma-26b-local-smoke,google/gemma-4-26b-a4b-it,local/bf16,1.0,local-hf-transformers,0.0,1,0.9999296881742673,1.670928414113982e-08,0,0.9999296881750833,-3.795139491558075e-08,A,'A':-0.000 | 'B':-9.563 | '_':-17.875 | 'AA':-19.125 | 'S':-19.438
workplace,workplace,0023,1,1,0,0,rQrQrPrQrP,gemma-26b-local-smoke,google/gemma-4-26b-a4b-it,local/bf16,1.0,local-hf-transformers,0.0,0,0.012431651291361631,7.646529428528837e-07,0,0.012431652159675944,8.139759302139282e-07,B,'B':-0.013 | 'A':-4.388 | 'R':-15.138 | 'C':-16.388 | ' B':-16.638
workplace,workplace,0023,1,1,0,0,rQrQrPrQrP,gemma-26b-local-smoke,google/gemma-4-26b-a4b-it,local/bf16,1.0,local-hf-transformers,0.0,1,0.012431651291361631,7.646529428528837e-07,0,0.012431652159675944,8.139759302139282e-07,B,'B':-0.013 | 'A':-4.388 | 'R':-15.138 | 'C':-16.388 | ' B':-16.638
workplace,workplace,1000,-1,1,1,0,aP,gemma-26b-local-smoke,google/gemma-4-26b-a4b-it,local/bf16,1.0,local-hf-transformers,0.0,0,4.8325637370795034e-05,2.9368921250494395e-07,0,4.8325637695272234e-05,3.117675078101456e-07,B,'B':-0.000 | 'A':-9.938 | 'ally':-17.563 | ' B':-17.969 | 'AA':-18.188
workplace,workplace,1000,-1,1,1,0,aP,gemma-26b-local-smoke,google/gemma-4-26b-a4b-it,local/bf16,1.0,local-hf-transformers,0.0,1,4.8325637370795034e-05,2.9368921250494395e-07,0,4.8325637695272234e-05,3.117675078101456e-07,B,'B':-0.000 | 'A':-9.938 | 'ally':-17.563 | ' B':-17.969 | 'AA':-18.188
neutral_own_w2,neutral,1210,1,0,1,0,aQaQrPaP,gemma-26b-local-smoke,google/gemma-4-26b-a4b-it,local/bf16,1.0,local-hf-transformers,0.0,0,0.08509904108998953,8.704993861297083e-07,0,0.08509902734753434,7.972121238708496e-07,B,'B':-0.089 | 'A':-2.464 | '_':-14.901 | ' B':-16.183 | 'P':-17.120
neutral_own_w2,neutral,1210,1,0,1,0,aQaQrPaP,gemma-26b-local-smoke,google/gemma-4-26b-a4b-it,local/bf16,1.0,local-hf-transformers,0.0,1,0.08509904108998953,8.704993861297083e-07,0,0.08509902734753434,7.972121238708496e-07,B,'B':-0.089 | 'A':-2.464 | '_':-14.901 | ' B':-16.183 | 'P':-17.120
political,political,0022,-1,1,1,0,rQrPrPrQ,gemma-26b-local-smoke,google/gemma-4-26b-a4b-it,local/bf16,1.0,local-hf-transformers,0.0,0,0.9999038976078543,0.0,0,0.9999038976039472,-1.97105691768229e-08,A,'A':-0.000 | 'B':-9.250 | '_':-17.563 | 'AA':-17.563 | 'S':-18.750
political,political,0022,-1,1,1,0,rQrPrPrQ,gemma-26b-local-smoke,google/gemma-4-26b-a4b-it,local/bf16,1.0,local-hf-transformers,0.0,1,0.9999038976078543,0.0,0,0.9999038976039472,-1.97105691768229e-08,A,'A':-0.000 | 'B':-9.250 | '_':-17.563 | 'AA':-17.563 | 'S':-18.750
workplace,workplace,2130,1,0,0,0,rPrPaPrPaPaQ,gemma-26b-local-smoke,google/gemma-4-26b-a4b-it,local/bf16,1.0,local-hf-transformers,0.0,0,0.9998840806996542,5.263290126150189e-08,0,0.9998840807010368,7.134804036468267e-08,A,'A':-0.000 | 'B':-9.063 | '_':-18.156 | 'AA':-18.156 | ' A':-19.063
workplace,workplace,2130,1,0,0,0,rPrPaPrPaPaQ,gemma-26b-local-smoke,google/gemma-4-26b-a4b-it,local/bf16,1.0,local-hf-transformers,0.0,1,0.9998840806996542,5.263290126150189e-08,0,0.9998840807010368,7.134804036468267e-08,A,'A':-0.000 | 'B':-9.063 | '_':-18.156 | 'AA':-18.156 | ' A':-19.063
neutral_noown,neutral,2121,0,0,0,0,aQaPrQaPrPrP,gemma-26b-local-smoke,google/gemma-4-26b-a4b-it,local/bf16,1.0,local-hf-transformers,0.0,0,0.9978172835688535,7.129850142107569e-07,0,0.9978172836792205,6.628688424825668e-07,A,'A':-0.002 | 'B':-6.127 | 'S':-16.190 | 'X':-16.440 | '_':-16.565
neutral_noown,neutral,2121,0,0,0,0,aQaPrQaPrPrP,gemma-26b-local-smoke,google/gemma-4-26b-a4b-it,local/bf16,1.0,local-hf-transformers,0.0,1,0.9978172835688535,7.129850142107569e-07,0,0.9978172836792205,6.628688424825668e-07,A,'A':-0.002 | 'B':-6.127 | 'S':-16.190 | 'X':-16.440 | '_':-16.565
political,political,4101,-1,1,0,0,aQrQaPaPaPaP,gemma-26b-local-smoke,google/gemma-4-26b-a4b-it,local/bf16,1.0,local-hf-transformers,0.0,0,0.998830489978366,2.3240778757147203e-07,0,0.9988304900092788,2.314336597919464e-07,A,'A':-0.001 | 'B':-6.751 | '_':-17.032 | 'Y':-17.970 | 'S':-18.157
political,political,4101,-1,1,0,0,aQrQaPaPaPaP,gemma-26b-local-smoke,google/gemma-4-26b-a4b-it,local/bf16,1.0,local-hf-transformers,0.0,1,0.998830489978366,2.3240778757147203e-07,0,0.9988304900092788,2.314336597919464e-07,A,'A':-0.001 | 'B':-6.751 | '_':-17.032 | 'Y':-17.970 | 'S':-18.157
neutral_noown,neutral,2103,0,0,0,0,aPaQrQrQrQaP,gemma-26b-local-smoke,google/gemma-4-26b-a4b-it,local/bf16,1.0,local-hf-transformers,0.0,0,0.9669140213729421,3.9902117284496e-06,0,0.9669140159953871,3.9637088775634766e-06,A,'A':-0.034 | 'B':-3.409 | '_':-14.659 | 'S':-14.971 | 'X':-15.471
neutral_noown,neutral,2103,0,0,0,0,aPaQrQrQrQaP,gemma-26b-local-smoke,google/gemma-4-26b-a4b-it,local/bf16,1.0,local-hf-transformers,0.0,1,0.9669140213729421,3.9902117284496e-06,0,0.9669140159953871,3.9637088775634766e-06,A,'A':-0.034 | 'B':-3.409 | '_':-14.659 | 'S':-14.971 | 'X':-15.471
neutral_own,neutral,0051,1,0,0,2,rPrPrPrPrQrP,gemma-26b-local-smoke,google/gemma-4-26b-a4b-it,local/bf16,1.0,local-hf-transformers,0.0,0,0.6224593312018546,3.876427156546125e-06,0,0.6224593198213452,3.874301910400391e-06,A,'A':-0.474 | 'B':-0.974 | '_':-14.474 | 'P':-15.818 | 'b':-15.849
neutral_own,neutral,0051,1,0,0,2,rPrPrPrPrQrP,gemma-26b-local-smoke,google/gemma-4-26b-a4b-it,local/bf16,1.0,local-hf-transformers,0.0,1,0.6224593312018546,3.876427156546125e-06,0,0.6224593198213452,3.874301910400391e-06,A,'A':-0.474 | 'B':-0.974 | '_':-14.474 | 'P':-15.818 | 'b':-15.849
neutral_own,neutral,0213,1,0,0,0,aQaQrQrPrQrQ,gemma-26b-local-smoke,google/gemma-4-26b-a4b-it,local/bf16,1.0,local-hf-transformers,0.0,0,0.002182716056246299,5.412265389193038e-07,0,0.002182716060579289,5.436595529317856e-07,B,'B':-0.002 | 'A':-6.127 | '_':-16.440 | ' B':-16.752 | 'R':-17.252
neutral_own,neutral,0213,1,0,0,0,aQaQrQrPrQrQ,gemma-26b-local-smoke,google/gemma-4-26b-a4b-it,local/bf16,1.0,local-hf-transformers,0.0,1,0.002182716056246299,5.412265389193038e-07,0,0.002182716060579289,5.436595529317856e-07,B,'B':-0.002 | 'A':-6.127 | '_':-16.440 | ' B':-16.752 | 'R':-17.252
neutral_own_w2,neutral,0122,-1,0,1,0,aQrPrQrPrQ,gemma-26b-local-smoke,google/gemma-4-26b-a4b-it,local/bf16,1.0,local-hf-transformers,0.0,0,0.09534943454372016,1.4051936134684695e-06,0,0.0953494358036341,1.3783574104309082e-06,B,'B':-0.100 | 'A':-2.350 | ' B':-15.225 | '_':-15.725 | 'R':-15.850
neutral_own_w2,neutral,0122,-1,0,1,0,aQrPrQrPrQ,gemma-26b-local-smoke,google/gemma-4-26b-a4b-it,local/bf16,1.0,local-hf-transformers,0.0,1,0.09534943454372016,1.4051936134684695e-06,0,0.0953494358036341,1.3783574104309082e-06,B,'B':-0.100 | 'A':-2.350 | ' B':-15.225 | '_':-15.725 | 'R':-15.850
political,political,1040,-1,1,0,0,rPrPaPrPrP,gemma-26b-local-smoke,google/gemma-4-26b-a4b-it,local/bf16,1.0,local-hf-transformers,0.0,0,0.9890130597678383,3.538085354311271e-07,0,0.9890130592702709,4.0512531995773315e-07,A,'A':-0.011 | 'B':-4.511 | 'AA':-16.699 | '_':-16.761 | 'BB':-17.074
political,political,1040,-1,1,0,0,rPrPaPrPrP,gemma-26b-local-smoke,google/gemma-4-26b-a4b-it,local/bf16,1.0,local-hf-transformers,0.0,1,0.9890130597678383,3.538085354311271e-07,0,0.9890130592702709,4.0512531995773315e-07,A,'A':-0.011 | 'B':-4.511 | 'AA':-16.699 | '_':-16.761 | 'BB':-17.074
workplace,workplace,1014,-1,0,0,0,aPrQrQrQrQrP,gemma-26b-local-smoke,google/gemma-4-26b-a4b-it,local/bf16,1.0,local-hf-transformers,0.0,0,4.0063696236649834e-05,8.985327115684782e-08,0,4.006369473499761e-05,5.023321136832237e-08,B,'B':-0.000 | 'A':-10.125 | 'R':-16.625 | ' B':-17.813 | 'BB':-18.469
workplace,workplace,1014,-1,0,0,0,aPrQrQrQrQrP,gemma-26b-local-smoke,google/gemma-4-26b-a4b-it,local/bf16,1.0,local-hf-transformers,0.0,1,4.0063696236649834e-05,8.985327115684782e-08,0,4.006369473499761e-05,5.023321136832237e-08,B,'B':-0.000 | 'A':-10.125 | 'R':-16.625 | ' B':-17.813 | 'BB':-18.469
neutral_own,neutral,1040,-1,0,1,1,rPrPrPrPaP,gemma-26b-local-smoke,google/gemma-4-26b-a4b-it,local/bf16,1.0,local-hf-transformers,0.0,0,0.9902915231066446,1.650191646712998e-06,0,0.9902915229970835,1.6121193766593933e-06,A,'A':-0.010 | 'B':-4.635 | '_':-15.197 | 'b':-15.760 | 'S':-16.072
neutral_own,neutral,1040,-1,0,1,1,rPrPrPrPaP,gemma-26b-local-smoke,google/gemma-4-26b-a4b-it,local/bf16,1.0,local-hf-transformers,0.0,1,0.9902915231066446,1.650191646712998e-06,0,0.9902915229970835,1.6121193766593933e-06,A,'A':-0.010 | 'B':-4.635 | '_':-15.197 | 'b':-15.760 | 'S':-16.072
neutral_own_w2,neutral,2111,1,0,0,0,aPrPaQrQaP,gemma-26b-local-smoke,google/gemma-4-26b-a4b-it,local/bf16,1.0,local-hf-transformers,0.0,0,0.99966464996832,0.0,0,0.9996646499741993,-7.392372936010361e-08,A,'A':-0.000 | 'B':-8.000 | '_':-17.844 | 'BA':-18.469 | 'S':-18.563
neutral_own_w2,neutral,2111,1,0,0,0,aPrPaQrQaP,gemma-26b-local-smoke,google/gemma-4-26b-a4b-it,local/bf16,1.0,local-hf-transformers,0.0,1,0.99966464996832,0.0,0,0.9996646499741993,-7.392372936010361e-08,A,'A':-0.000 | 'B':-8.000 | '_':-17.844 | 'BA':-18.469 | 'S':-18.563
neutral_noown,neutral,0501,0,0,1,0,aQaQaQaQaQrQ,gemma-26b-local-smoke,google/gemma-4-26b-a4b-it,local/bf16,1.0,local-hf-transformers,0.0,0,8.939699472509912e-06,0.0,0,8.939698476692475e-06,-5.860692908754572e-08,B,'B':-0.000 | 'A':-11.625 | '_':-18.516 | ' B':-19.547 | 'P':-20.203
neutral_noown,neutral,0501,0,0,1,0,aQaQaQaQaQrQ,gemma-26b-local-smoke,google/gemma-4-26b-a4b-it,local/bf16,1.0,local-hf-transformers,0.0,1,8.939699472509912e-06,0.0,0,8.939698476692475e-06,-5.860692908754572e-08,B,'B':-0.000 | 'A':-11.625 | '_':-18.516 | ' B':-19.547 | 'P':-20.203
political,political,1500,-1,1,0,0,aQaQaPaQaQaQ,gemma-26b-local-smoke,google/gemma-4-26b-a4b-it,local/bf16,1.0,local-hf-transformers,0.0,0,0.999999943413757,6.262303585860593e-08,0,0.9999999434136981,6.262299123704906e-08,A,'A':-0.000 | 'B':-16.688 | '_':-17.612 | '1':-18.812 | 'AA':-19.328
political,political,1500,-1,1,0,0,aQaQaPaQaQaQ,gemma-26b-local-smoke,google/gemma-4-26b-a4b-it,local/bf16,1.0,local-hf-transformers,0.0,1,0.999999943413757,6.262303585860593e-08,0,0.9999999434136981,6.262299123704906e-08,A,'A':-0.000 | 'B':-16.688 | '_':-17.612 | '1':-18.812 | 'AA':-19.328
neutral_own,neutral,0060,1,0,1,0,rPrPrPrPrPrP,gemma-26b-local-smoke,google/gemma-4-26b-a4b-it,local/bf16,1.0,local-hf-transformers,0.0,0,0.0002034269010984032,2.603296203051997e-07,0,0.0002034269014181451,3.0183582566678524e-07,B,'B':-0.000 | 'A':-8.500 | '_':-17.781 | 'BB':-18.156 | 'AA':-18.156
neutral_own,neutral,0060,1,0,1,0,rPrPrPrPrPrP,gemma-26b-local-smoke,google/gemma-4-26b-a4b-it,local/bf16,1.0,local-hf-transformers,0.0,1,0.0002034269010984032,2.603296203051997e-07,0,0.0002034269014181451,3.0183582566678524e-07,B,'B':-0.000 | 'A':-8.500 | '_':-17.781 | 'BB':-18.156 | 'AA':-18.156
neutral_own,neutral,2202,1,0,1,1,rQrQaPaQaQaP,gemma-26b-local-smoke,google/gemma-4-26b-a4b-it,local/bf16,1.0,local-hf-transformers,0.0,0,0.24508498402501022,1.5165315916387812e-06,0,0.24508499731994762,1.5050172805786133e-06,B,'B':-0.281 | 'A':-1.406 | '_':-14.906 | ' B':-16.156 | 'b':-16.187
neutral_own,neutral,2202,1,0,1,1,rQrQaPaQaQaP,gemma-26b-local-smoke,google/gemma-4-26b-a4b-it,local/bf16,1.0,local-hf-transformers,0.0,1,0.24508498402501022,1.5165315916387812e-06,0,0.24508499731994762,1.5050172805786133e-06,B,'B':-0.281 | 'A':-1.406 | '_':-14.906 | ' B':-16.156 | 'b':-16.187
neutral_own,neutral,2130,1,0,0,0,aPrPaPaQrPrP,gemma-26b-local-smoke,google/gemma-4-26b-a4b-it,local/bf16,1.0,local-hf-transformers,0.0,0,0.9994472213817281,1.658863597560952e-07,0,0.9994472213642414,1.737498678267002e-07,A,'A':-0.001 | 'B':-7.501 | '_':-17.126 | 'AA':-17.844 | 'X':-18.282
neutral_own,neutral,2130,1,0,0,0,aPrPaPaQrPrP,gemma-26b-local-smoke,google/gemma-4-26b-a4b-it,local/bf16,1.0,local-hf-transformers,0.0,1,0.9994472213817281,1.658863597560952e-07,0,0.9994472213642414,1.737498678267002e-07,A,'A':-0.001 | 'B':-7.501 | '_':-17.126 | 'AA':-17.844 | 'X':-18.282
neutral_own,neutral,0301,1,0,0,2,rQaQaQaQ,gemma-26b-local-smoke,google/gemma-4-26b-a4b-it,local/bf16,1.0,local-hf-transformers,0.0,0,0.0007096704738567501,1.9353347102679663e-07,0,0.0007096704775005674,1.6135163605213165e-07,B,'B':-0.001 | 'A':-7.251 | '_':-18.094 | 'C':-18.157 | 'AA':-18.251
neutral_own,neutral,0301,1,0,0,2,rQaQaQaQ,gemma-26b-local-smoke,google/gemma-4-26b-a4b-it,local/bf16,1.0,local-hf-transformers,0.0,1,0.0007096704738567501,1.9353347102679663e-07,0,0.0007096704775005674,1.6135163605213165e-07,B,'B':-0.001 | 'A':-7.251 | '_':-18.094 | 'C':-18.157 | 'AA':-18.251
political,political,0600,1,1,0,0,aQaQaQaQaQaQ,gemma-26b-local-smoke,google/gemma-4-26b-a4b-it,local/bf16,1.0,local-hf-transformers,0.0,0,0.008577485484156525,5.413876599247303e-07,0,0.008577485896974057,5.811452865600586e-07,B,'B':-0.009 | 'A':-4.759 | ' B':-16.259 | 'AA':-16.571 | '_':-16.696
political,political,0600,1,1,0,0,aQaQaQaQaQaQ,gemma-26b-local-smoke,google/gemma-4-26b-a4b-it,local/bf16,1.0,local-hf-transformers,0.0,1,0.008577485484156525,5.413876599247303e-07,0,0.008577485896974057,5.811452865600586e-07,B,'B':-0.009 | 'A':-4.759 | ' B':-16.259 | 'AA':-16.571 | '_':-16.696
workplace,workplace,0113,-1,0,1,0,rPrQaQrQrQ,gemma-26b-local-smoke,google/gemma-4-26b-a4b-it,local/bf16,1.0,local-hf-transformers,0.0,0,1.8738753599881015e-06,2.084360128939977e-08,0,1.873875536851202e-06,9.307791515311692e-08,B,'B':-0.000 | 'A':-13.188 | 'R':-17.906 | ' B':-18.188 | '_':-18.938
workplace,workplace,0113,-1,0,1,0,rPrQaQrQrQ,gemma-26b-local-smoke,google/gemma-4-26b-a4b-it,local/bf16,1.0,local-hf-transformers,0.0,1,1.8738753599881015e-06,2.084360128939977e-08,0,1.873875536851202e-06,9.307791515311692e-08,B,'B':-0.000 | 'A':-13.188 | 'R':-17.906 | ' B':-18.188 | '_':-18.938
workplace,workplace,0015,1,1,1,0,rPrQrQrQrQrQ,gemma-26b-local-smoke,google/gemma-4-26b-a4b-it,local/bf16,1.0,local-hf-transformers,0.0,0,0.9947798744031665,1.3784779999406402e-06,0,0.9947798744162969,1.3676472008228302e-06,A,'A':-0.005 | 'B':-5.255 | 'R':-15.068 | 'BA':-15.318 | 'X':-16.193
workplace,workplace,0015,1,1,1,0,rPrQrQrQrQrQ,gemma-26b-local-smoke,google/gemma-4-26b-a4b-it,local/bf16,1.0,local-hf-transformers,0.0,1,0.9947798744031665,1.3784779999406402e-06,0,0.9947798744162969,1.3676472008228302e-06,A,'A':-0.005 | 'B':-5.255 | 'R':-15.068 | 'BA':-15.318 | 'X':-16.193
neutral_own,neutral,0024,1,0,0,0,rQrPrQrQrQrP,gemma-26b-local-smoke,google/gemma-4-26b-a4b-it,local/bf16,1.0,local-hf-transformers,0.0,0,0.0009110512491838755,1.2599981209504563e-06,0,0.0009110511067454595,1.1394149623811245e-06,B,'B':-0.001 | 'A':-7.001 | 'O':-16.563 | 'S':-16.688 | '_':-16.751
neutral_own,neutral,0024,1,0,0,0,rQrPrQrQrQrP,gemma-26b-local-smoke,google/gemma-4-26b-a4b-it,local/bf16,1.0,local-hf-transformers,0.0,1,0.0009110512491838755,1.2599981209504563e-06,0,0.0009110511067454595,1.1394149623811245e-06,B,'B':-0.001 | 'A':-7.001 | 'O':-16.563 | 'S':-16.688 | '_':-16.751
political,political,0033,-1,0,0,0,rPrPrQrQrQrP,gemma-26b-local-smoke,google/gemma-4-26b-a4b-it,local/bf16,1.0,local-hf-transformers,0.0,0,2.2603250923423882e-06,0.0,0,2.26032512869994e-06,4.651383278542198e-09,B,'B':-0.000 | 'A':-13.000 | '_':-18.625 | ' B':-18.906 | 'R':-19.688
political,political,0033,-1,0,0,0,rPrPrQrQrQrP,gemma-26b-local-smoke,google/gemma-4-26b-a4b-it,local/bf16,1.0,local-hf-transformers,0.0,1,2.2603250923423882e-06,0.0,0,2.26032512869994e-06,4.651383278542198e-09,B,'B':-0.000 | 'A':-13.000 | '_':-18.625 | ' B':-18.906 | 'R':-19.688
workplace,workplace,3002,-1,1,0,0,aPrQaPaPrQ,gemma-26b-local-smoke,google/gemma-4-26b-a4b-it,local/bf16,1.0,local-hf-transformers,0.0,0,1.5534971817101449e-06,0.0,0,1.55349732135555e-06,-3.776563062274363e-09,B,'B':-0.000 | 'A':-13.375 | ' B':-18.313 | '_':-18.406 | 'b':-19.094
workplace,workplace,3002,-1,1,0,0,aPrQaPaPrQ,gemma-26b-local-smoke,google/gemma-4-26b-a4b-it,local/bf16,1.0,local-hf-transformers,0.0,1,1.5534971817101449e-06,0.0,0,1.55349732135555e-06,-3.776563062274363e-09,B,'B':-0.000 | 'A':-13.375 | ' B':-18.313 | '_':-18.406 | 'b':-19.094
political,political,1221,1,0,0,0,aQrPaPaQrPrQ,gemma-26b-local-smoke,google/gemma-4-26b-a4b-it,local/bf16,1.0,local-hf-transformers,0.0,0,0.9999987901340281,0.0,0,0.9999987901340079,-1.777311808837112e-08,A,'A':-0.000 | 'B':-13.625 | '_':-18.438 | 'AA':-18.656 | 'S':-19.234
political,political,1221,1,0,0,0,aQrPaPaQrPrQ,gemma-26b-local-smoke,google/gemma-4-26b-a4b-it,local/bf16,1.0,local-hf-transformers,0.0,1,0.9999987901340281,0.0,0,0.9999987901340079,-1.777311808837112e-08,A,'A':-0.000 | 'B':-13.625 | '_':-18.438 | 'AA':-18.656 | 'S':-19.234
neutral_own_w2,neutral,1022,-1,0,0,0,aPrPrQrQrP,gemma-26b-local-smoke,google/gemma-4-26b-a4b-it,local/bf16,1.0,local-hf-transformers,0.0,0,0.9953904271134095,9.533042829622598e-07,0,0.9953904270186366,9.699724614620209e-07,A,'A':-0.005 | 'B':-5.380 | 'BA':-15.567 | '_':-16.067 | 'AA':-16.130
neutral_own_w2,neutral,1022,-1,0,0,0,aPrPrQrQrP,gemma-26b-local-smoke,google/gemma-4-26b-a4b-it,local/bf16,1.0,local-hf-transformers,0.0,1,0.9953904271134095,9.533042829622598e-07,0,0.9953904270186366,9.699724614620209e-07,A,'A':-0.005 | 'B':-5.380 | 'BA':-15.567 | '_':-16.067 | 'AA':-16.130
neutral_own_w2,neutral,1401,1,0,0,0,aPrQaQaQaQaQ,gemma-26b-local-smoke,google/gemma-4-26b-a4b-it,local/bf16,1.0,local-hf-transformers,0.0,0,4.495180506736813e-06,3.4751933108978506e-08,0,4.495180448306413e-06,3.4772710932884365e-08,B,'B':-0.000 | 'A':-12.313 | '_':-18.469 | 'AAAA':-19.781 | 'b':-19.813
neutral_own_w2,neutral,1401,1,0,0,0,aPrQaQaQaQaQ,gemma-26b-local-smoke,google/gemma-4-26b-a4b-it,local/bf16,1.0,local-hf-transformers,0.0,1,4.495180506736813e-06,3.4751933108978506e-08,0,4.495180448306413e-06,3.4772710932884365e-08,B,'B':-0.000 | 'A':-12.313 | '_':-18.469 | 'AAAA':-19.781 | 'b':-19.813
political,political,1012,-1,0,1,0,aPrPrQrQ,gemma-26b-local-smoke,google/gemma-4-26b-a4b-it,local/bf16,1.0,local-hf-transformers,0.0,0,0.0001584362335103513,0.0,0,0.00015843622202936668,-6.669142749160528e-08,B,'B':-0.000 | 'A':-8.750 | ' B':-17.969 | 'AA':-18.125 | '_':-18.344
political,political,1012,-1,0,1,0,aPrPrQrQ,gemma-26b-local-smoke,google/gemma-4-26b-a4b-it,local/bf16,1.0,local-hf-transformers,0.0,1,0.0001584362335103513,0.0,0,0.00015843622202936668,-6.669142749160528e-08,B,'B':-0.000 | 'A':-8.750 | ' B':-17.969 | 'AA':-18.125 | '_':-18.344
