N,c,rho,eps,T,n_graphs,abs_m,abs_m_se,q2,persistence,persistence_se
1000,4,0.5,0,1.0,40,0.023785287500000047,0.0011141775082255721,0.13373817895000017,0.5007100875000001,0.008710659831123815
1000,4,0.5,0.05,1.0,40,0.027458700000000058,0.001709777173666133,0.11351807459999996,0.3887434499999999,0.01416931989557513
1000,4,0.5,0.1,1.0,40,0.026067262500000087,0.0011347794704128088,0.08553652974999992,0.2634222624999999,0.019125996497006928
1000,4,0.5,0.2,1.0,40,0.02531433750000005,0.0006598727622077516,0.047553885449999986,0.09201261250000006,0.014441200790991498
1000,4,0.5,0.35,1.0,40,0.025342812500000055,0.00025927627310896645,0.014166792349999993,0.011025587500000003,0.004744983965040303
1000,4,0.5,0.5,1.0,40,0.025391350000000056,0.00019831936995664285,0.006153401699999996,0.001072075000000002,0.0016717481058290294
1000,4,0.5,0.75,1.0,40,0.024988375000000056,0.00014927971051403353,0.0028931294999999814,1.7500000000007257e-06,0.000375393430368863
1000,4,0.5,1.0,1.0,40,0.02532855000000005,9.945726082478589e-05,0.002286858199999994,-6.175000000000267e-06,0.00019451815513283588
1000,4,0.5,0,1.3,40,0.025320387500000062,0.0008494157965028448,0.08433898134999993,0.28142986250000007,0.014010945008644225
1000,4,0.5,0.05,1.3,40,0.026425587500000035,0.000840466070123029,0.05439458944999999,0.17759503750000002,0.017934366938106218
1000,4,0.5,0.1,1.3,40,0.02598278750000005,0.0009448024869712322,0.033681983949999994,0.0696241625,0.012733614015496029
1000,4,0.5,0.2,1.3,40,0.025240200000000063,0.0003023141041435233,0.015345966499999992,0.012469124999999996,0.0046381451975242545
1000,4,0.5,0.35,1.3,40,0.02537041250000005,0.000185661134907724,0.006224888949999996,0.0015040874999999996,0.001566956916807418
1000,4,0.5,0.5,1.3,40,0.02519042500000005,0.0001807233653727885,0.003794283099999976,0.001620000000000001,0.0006334648329238821
1000,4,0.5,0.75,1.3,40,0.02497667500000006,0.00010921342688598092,0.002304310499999994,0.0004725999999999998,0.0002819440230176633
1000,4,0.5,1.0,1.3,40,0.02522162500000006,0.00011149533557853057,0.0020000905000000027,5.949999999999994e-05,0.0001421188289371311
1000,4,0.5,0,1.6,40,0.025170350000000057,0.0006675053404664895,0.031321901299999955,0.09661109999999994,0.012636420912832949
1000,4,0.5,0.05,1.6,40,0.024819587500000052,0.0003173479586936372,0.015306403749999992,0.022388537499999996,0.006280813234652478
1000,4,0.5,0.1,1.6,40,0.024900925000000053,0.00025746784872096085,0.011097477699999993,0.011779874999999993,0.004142752655733447
1000,4,0.5,0.2,1.6,40,0.02536272500000005,0.0002236545090246342,0.006089198699999994,0.004964225000000001,0.001481857116298666
1000,4,0.5,0.35,1.6,40,0.025152087500000052,0.00016855225059871247,0.0035713280499999763,0.0019540875,0.0005907648261124171
1000,4,0.5,0.5,1.6,40,0.025220350000000058,0.00013755996268294602,0.002530913199999989,1.5749999999996345e-06,0.0004021004285790572
1000,4,0.5,0.75,1.6,40,0.025124087500000048,9.54577179984984e-05,0.0019072915500000034,0.0003146624999999993,0.00020800531642883608
1000,4,0.5,1.0,1.6,40,0.02519972500000005,9.255321572146759e-05,0.0017651392000000029,1.7999999999998703e-06,0.0001250432973731447
1000,4,0.5,0,2.4,40,0.025112987500000055,0.0001055401179760757,0.002545665549999989,0.0012670624999999997,0.00046027645023074854
1000,4,0.5,0.05,2.4,40,0.02511968750000006,0.00012675624154902368,0.0024097599499999915,0.0007065125000000007,0.0003361686859489746
1000,4,0.5,0.1,2.4,40,0.025106937500000058,0.0001127423986685229,0.0022669110499999945,0.000898412500000001,0.0004445531622500353
1000,4,0.5,0.2,2.4,40,0.025193237500000056,0.0001003048046812678,0.0020028251500000026,0.0005073624999999998,0.00027985115777644026
1000,4,0.5,0.35,2.4,40,0.025243200000000056,0.00010609006635631413,0.0017707519000000026,0.0005993,0.0002058207466306294
1000,4,0.5,0.5,2.4,40,0.025118300000000055,8.576302285801093e-05,0.0016281811000000014,0.00018304999999999987,0.00016797166923819817
1000,4,0.5,0.75,2.4,40,0.025205625000000058,7.658892466545162e-05,0.0014995454999999999,7.727500000000027e-05,0.00012072323315102143
1000,4,0.5,1.0,2.4,40,0.02528533750000006,7.8972267502301e-05,0.0014364174499999992,-8.458749999999996e-05,8.522922125802862e-05
1000,4,0.1,0,2.0,40,0.6116296374999999,0.005279313497704692,0.2362595888499995,0.48536111249999986,0.006301779645808224
1000,4,0.1,0.05,2.0,40,0.6181204499999998,0.003980678783672622,0.2434999619999994,0.4869755250000001,0.005519709381980332
1000,4,0.1,0.1,2.0,40,0.6167058624999999,0.004592930449377135,0.24077962844999953,0.4876969375,0.005394917198194992
1000,4,0.1,0.2,2.0,40,0.6081889625000002,0.004970260374453972,0.22824161574999935,0.48151808749999986,0.006023888027291685
1000,4,0.1,0.35,2.0,40,0.5957636125000001,0.004569195778402815,0.2136568434499993,0.46124833750000016,0.005509681516529379
1000,4,0.1,0.5,2.0,40,0.5835681000000004,0.0052291292430125015,0.1992752689999993,0.44715457500000005,0.007027582688071096
1000,4,0.1,0.75,2.0,40,0.5677308750000001,0.005032554259765589,0.17970460739999955,0.4148717249999999,0.006133141908948826
1000,4,0.1,1.0,2.0,40,0.53529245,0.006706119745068108,0.14960899379999984,0.3770051749999999,0.007597281769411345
2000,4,0.5,0,1.0,30,0.01777455000000005,0.0010483806247716324,0.08977243140000003,0.5068040833333333,0.008004437653777376
2000,4,0.5,0.05,1.0,30,0.01813755000000004,0.0009518759033625686,0.09005821566666664,0.39627205000000004,0.014649828310968796
2000,4,0.5,0.1,1.0,30,0.018979750000000024,0.0009302342834611243,0.07440254786666672,0.2857314166666668,0.01820690132911008
2000,4,0.5,0.2,1.0,30,0.018699475000000042,0.0007074050973421773,0.02843519311666666,0.08428255833333334,0.01553730597851267
2000,4,0.5,0.35,1.0,30,0.017743058333333374,0.0001831026699473804,0.007833501150000002,0.010440875000000011,0.004691990091735179
2000,4,0.5,0.5,1.0,30,0.017884100000000038,0.00011847637962368834,0.0033022109666666646,0.0019354833333333334,0.0010537703626925892
2000,4,0.5,0.75,1.0,30,0.01777768333333338,8.362946630285093e-05,0.0014705981999999984,0.0008446166666666667,0.0003222146311019544
2000,4,0.5,1.0,1.0,30,0.01783114166666671,7.184568160993737e-05,0.0011280773499999952,4.5458333333333345e-05,0.00013939102368243646
2000,4,0.5,0,1.3,30,0.017761741666666702,0.000739240713530252,0.07442934661666668,0.3076047916666666,0.009559136727167905
2000,4,0.5,0.05,1.3,30,0.017944750000000047,0.000505056344870807,0.04564042409999998,0.18770153333333325,0.015742308380560604
2000,4,0.5,0.1,1.3,30,0.01796006666666671,0.0003630082948320349,0.0258384449,0.07715351666666673,0.016042038617578917
2000,4,0.5,0.2,1.3,30,0.01794999166666671,0.00018688024450924914,0.008503187116666663,0.00962539166666667,0.003772702120959061
2000,4,0.5,0.35,1.3,30,0.017641750000000036,0.00012859931367239767,0.0032551232999999957,0.001344566666666668,0.0010564588888143209
2000,4,0.5,0.5,1.3,30,0.01776530833333338,0.00012559325923331707,0.0018802164166666672,0.0013482916666666673,0.0005659696509931486
2000,4,0.5,0.75,1.3,30,0.017941958333333383,7.742558262813887e-05,0.0011683297166666625,0.00021055833333333393,0.0002205277475840669
2000,4,0.5,1.0,1.3,30,0.017629883333333374,6.036454953858517e-05,0.0010000955333333266,0.0001094499999999999,0.00010051335431947203
2000,4,0.5,0,1.6,30,0.017729000000000036,0.00036485139728073405,0.025952010833333317,0.12961896666666656,0.012838309993443403
2000,4,0.5,0.05,1.6,30,0.0175813166666667,0.00023286154898602193,0.011188030999999998,0.02394778333333332,0.008033728898716038
2000,4,0.5,0.1,1.6,30,0.01800130833333337,0.00040786861046515784,0.006521853383333333,0.013951825000000003,0.002386206437893773
2000,4,0.5,0.2,1.6,30,0.01787025833333337,0.0001441586941271109,0.0031332402166666623,0.005449074999999999,0.0015207852725747232
2000,4,0.5,0.35,1.6,30,0.01786930833333338,7.948151458923339e-05,0.001775632650000001,0.0014436083333333352,0.0008854683717168128
2000,4,0.5,0.5,1.6,30,0.017891283333333383,5.2675825898599815e-05,0.001270570499999997,0.000841133333333333,0.0002540474777255175
2000,4,0.5,0.75,1.6,30,0.01796104166666672,7.811401562626792e-05,0.0009659834166666596,0.0006375083333333334,0.00014058331910178515
2000,4,0.5,1.0,1.6,30,0.01784227500000004,6.155934473214195e-05,0.0008898513166666602,3.680833333333333e-05,8.163320832619749e-05
2000,4,0.5,0,2.4,30,0.017871525000000048,7.304168069844128e-05,0.0012959356833333305,0.0010187416666666666,0.0004071142999580874
2000,4,0.5,0.05,2.4,30,0.01779709166666672,7.337886303772364e-05,0.0011986149499999962,0.0013254249999999994,0.00043820133099645956
2000,4,0.5,0.1,2.4,30,0.017810083333333376,7.078698348320488e-05,0.0011356641333333287,0.0011860999999999994,0.000247684834210133
2000,4,0.5,0.2,2.4,30,0.01772198333333338,7.296745449656985e-05,0.0010137826333333265,0.0006455833333333331,0.0002720761610362337
2000,4,0.5,0.35,2.4,30,0.01790533333333338,7.013817882118587e-05,0.0008869111999999934,0.0003676999999999996,0.00016119810908805097
2000,4,0.5,0.5,2.4,30,0.017771700000000046,5.3437843095625706e-05,0.0008187805666666606,0.00025883333333333335,0.00014794322280635064
2000,4,0.5,0.75,2.4,30,0.017856358333333384,5.2848171821234506e-05,0.0007499363166666614,-5.441666666666922e-06,0.00013136635711660777
2000,4,0.5,1.0,2.4,30,0.01786455000000005,6.15408744180492e-05,0.0007308079333333288,-2.4816666666666828e-05,9.181164966065011e-05
2000,4,0.1,0,2.0,30,0.619079075,0.003842816657248743,0.24231939184999957,0.4885460916666667,0.004346600517610965
2000,4,0.1,0.05,2.0,30,0.6218241999999999,0.0038162295455287324,0.24518981196666625,0.49558009999999997,0.004270505099614487
2000,4,0.1,0.1,2.0,30,0.6142411249999998,0.004038671444088696,0.23750042391666615,0.4864902916666665,0.004930867851050474
2000,4,0.1,0.2,2.0,30,0.6111293916666668,0.004374811163932622,0.232539038116666,0.47881750833333364,0.005374606111101989
2000,4,0.1,0.35,2.0,30,0.5918016583333333,0.0038017612296214172,0.21032258774999943,0.4584640250000001,0.004425423337002718
2000,4,0.1,0.5,2.0,30,0.5834702416666665,0.0039352210087689665,0.19748726804999955,0.4464344916666667,0.004713163561097924
2000,4,0.1,0.75,2.0,30,0.5661685083333334,0.004489493893113711,0.17696815761666654,0.4152497916666666,0.00608590182008069
2000,4,0.1,1.0,2.0,30,0.5404376833333333,0.005756641776625237,0.15135701400000012,0.3833354333333332,0.006551861229701554
4000,4,0.5,0,1.0,16,0.01332137500000002,0.0011601431576421723,0.053110912343750094,0.51223596875,0.010465275971962586
4000,4,0.5,0.05,1.0,16,0.011110273437500038,0.0003979560382276095,0.029429288257812526,0.4033432578124999,0.013673557812675288
4000,4,0.5,0.1,1.0,16,0.011922953125000038,0.0004354966478886657,0.03777835739062506,0.28310970312499983,0.01491447043132903
4000,4,0.5,0.2,1.0,16,0.012474898437500038,0.0003777882907219405,0.018879748195312508,0.10859067968749994,0.019329338549574263
4000,4,0.5,0.35,1.0,16,0.012773687500000044,0.00012285029952649438,0.004469503546875,0.014424656250000008,0.0033837481083278044
4000,4,0.5,0.5,1.0,16,0.012651609375000039,0.00011617187051669957,0.001809543031250002,0.003059046874999997,0.001074304695675481
4000,4,0.5,0.75,1.0,16,0.01269335937500005,8.426123725364751e-05,0.0007134063906249991,0.00040267187499999955,0.0003104115190865837
4000,4,0.5,1.0,1.0,16,0.012660726562500042,5.8086360609868835e-05,0.0005714576484374997,0.0003251640624999998,0.00017408160080669227
4000,4,0.5,0,1.3,16,0.01263647656250004,0.0005515297856467606,0.05282421742968759,0.3257594296875001,0.012477466914548107
4000,4,0.5,0.05,1.3,16,0.01256304687500004,0.0004487692360192066,0.031961884421874975,0.18922632812500007,0.018518829794570445
4000,4,0.5,0.1,1.3,16,0.01226728125000005,0.00018326346318921246,0.018433691203124995,0.09574796875000002,0.015426884592051344
4000,4,0.5,0.2,1.3,16,0.012354859375000037,0.00014158842518081235,0.005285172187499997,0.022146312500000005,0.004969908682681476
4000,4,0.5,0.35,1.3,16,0.012347421875000044,7.884059841022506e-05,0.001774862031250002,0.0014771406249999965,0.0009737943154145658
4000,4,0.5,0.5,1.3,16,0.01255439062500005,6.072401587111529e-05,0.0009382063593749992,0.0012245468750000017,0.00038550307126205115
4000,4,0.5,0.75,1.3,16,0.01271178125000004,5.958963453714766e-05,0.0005757145312499999,0.00042798437499999965,0.0002344467720315542
4000,4,0.5,1.0,1.3,16,0.01268328125000004,4.138112917215397e-05,0.0005050300312500003,0.00013439062499999974,0.00011899980516604762
4000,4,0.5,0,1.6,16,0.012653812500000045,0.00032243344456162434,0.02313123815625,0.15779732812500002,0.008746336655190064
4000,4,0.5,0.05,1.6,16,0.012507375000000041,0.00020551214386512829,0.007843487218749997,0.057741421875000004,0.010944061714292092
4000,4,0.5,0.1,1.6,16,0.012690179687500044,0.0002116071530821071,0.0034935643671874985,0.015704710937499984,0.00490253858974324
4000,4,0.5,0.2,1.6,16,0.01254996875000004,8.764922728849698e-05,0.001667850140625001,0.004710671875000002,0.001258986844435991
4000,4,0.5,0.35,1.6,16,0.012561539062500042,7.55125909744233e-05,0.0008703558515624989,0.0011218359375,0.000692200051778479
4000,4,0.5,0.5,1.6,16,0.012546679687500046,6.890168018553139e-05,0.0006411878515624996,0.00035017968749999974,0.0003278224714420738
4000,4,0.5,0.75,1.6,16,0.012547171875000047,4.4650498776784016e-05,0.00048284871874999997,0.0002904374999999999,0.00016541422673473408
4000,4,0.5,1.0,1.6,16,0.01272680468750004,5.240945064360391e-05,0.00043855096093750004,7.226562500000119e-06,0.00013961690293719717
4000,4,0.5,0,2.4,16,0.012561625000000048,6.601622176751985e-05,0.0006618682031249996,0.0015475000000000005,0.0005526882153723374
4000,4,0.5,0.05,2.4,16,0.012553703125000044,5.8935134800322764e-05,0.0006005127499999995,0.0006598750000000005,0.00040282614051122213
4000,4,0.5,0.1,2.4,16,0.01268139843750005,6.16931726735202e-05,0.0005732165546874998,0.0014817265625000006,0.0002436575054793098
4000,4,0.5,0.2,2.4,16,0.012653117187500042,4.8099973834819115e-05,0.0004956415390625004,0.0006660859375000002,0.00015809106137709754
4000,4,0.5,0.35,2.4,16,0.012623703125000045,4.56599735747733e-05,0.0004497252812500003,0.00036462500000000037,0.00020038869845565157
4000,4,0.5,0.5,2.4,16,0.012632890625000044,4.723112756231082e-05,0.0004119197656249998,0.00011514062500000016,9.53867483173492e-05
4000,4,0.5,0.75,2.4,16,0.012611343750000038,5.5848199785407494e-05,0.0003702359843749996,0.0001580156249999999,7.476883896784112e-05
4000,4,0.5,1.0,2.4,16,0.012606382812500047,3.997427960307933e-05,0.00036408157031249985,3.9085937499999794e-05,7.913919017599465e-05
4000,4,0.1,0,2.0,16,0.6224907734375,0.002299240564646802,0.24618113117968737,0.4997543671874998,0.002755509775423905
4000,4,0.1,0.05,2.0,16,0.6193492265625,0.004061402092127146,0.24322918486718742,0.4955434765625,0.005142188080829263
4000,4,0.1,0.1,2.0,16,0.6194892734375002,0.002805237709360403,0.2419795077265624,0.49314217968750007,0.0038389229450616126
4000,4,0.1,0.2,2.0,16,0.6102064765625003,0.004204374925118585,0.23005860150781235,0.47890449218750003,0.004795318153636053
4000,4,0.1,0.35,2.0,16,0.5955182734374997,0.0028931561929714626,0.21216871333593737,0.4616341015625,0.0035375967889110906
4000,4,0.1,0.5,2.0,16,0.5880820390625001,0.003676799348241449,0.20222337932031234,0.4461994296874997,0.004649769705080285
4000,4,0.1,0.75,2.0,16,0.5627896093749998,0.00384441491819832,0.17419615839062508,0.41718365625000015,0.004868847986598269
4000,4,0.1,1.0,2.0,16,0.5482445468750001,0.005956730861927708,0.15836052878125034,0.39613546875000016,0.0069390088672071516
