model,T,eps,abs_m,abs_m_se,persistence
nonreciprocal,2.0,0,0.827,0.002,0.729
nonreciprocal,2.0,0.2,0.713,0.003,0.586
nonreciprocal,2.0,0.5,0.243,0.015,0.063
nonreciprocal,2.0,1.0,0.036,0.000,0.000
nonreciprocal,3.0,0,0.585,0.004,0.395
nonreciprocal,3.0,0.2,0.310,0.011,0.084
nonreciprocal,3.0,0.5,0.044,0.000,0.000
nonreciprocal,3.0,1.0,0.031,0.000,0.000
symmetric_control_rho=eps/4,2.0,0,0.827,0.002,0.729
symmetric_control_rho=eps/4,2.0,0.2,0.741,0.003,0.625
symmetric_control_rho=eps/4,2.0,0.5,0.542,0.006,0.410
symmetric_control_rho=eps/4,2.0,1.0,0.054,0.002,0.006
symmetric_control_rho=eps/4,3.0,0,0.585,0.004,0.395
symmetric_control_rho=eps/4,3.0,0.2,0.419,0.007,0.225
symmetric_control_rho=eps/4,3.0,0.5,0.074,0.003,0.001
symmetric_control_rho=eps/4,3.0,1.0,0.030,0.000,0.001
