arm,param,est_logprobs,est_sampled,se_logprobs,se_sampled,diff,z
neutral_own,alpha,0.827,0.831,0.249,0.253,0.004,0.01
neutral_own,b_a,1.326,1.352,0.134,0.132,0.027,0.143
neutral_own,b_r,0.276,0.249,0.068,0.066,-0.027,-0.286
neutral_own,b_r_minus_b_a,-1.049,-1.103,0.152,0.147,-0.054,-0.255
neutral_own,beta,0.801,0.801,0.075,0.074,-0.0,-0.001
neutral_own,gamma,-1.493,-1.48,0.143,0.14,0.013,0.064
neutral_own,h,0.612,0.614,0.12,0.12,0.002,0.011
neutral_own,h_O,0.647,0.633,0.113,0.113,-0.013,-0.084
political,alpha,0.508,0.689,0.662,0.677,0.181,0.191
political,b_a,0.925,0.864,0.188,0.198,-0.06,-0.22
political,b_r,-0.604,-0.712,0.249,0.245,-0.109,-0.311
political,b_r_minus_b_a,-1.528,-1.577,0.329,0.361,-0.049,-0.099
political,beta,0.161,0.076,0.147,0.13,-0.085,-0.43
political,gamma,7.338,7.195,0.684,0.654,-0.143,-0.151
political,h_C,-1.23,-1.27,0.383,0.347,-0.04,-0.077
political,h_L,-1.14,-0.876,0.311,0.203,0.264,0.71
political,h_O,0.474,0.47,0.237,0.24,-0.003,-0.01
