family_pair,arm,status,beta_small,beta_large,diff_lo,diff_hi,p_one_sided,holm,significant
llama-8b -> llama-70b,neutral_own,missing,,,,,,,False
llama-8b -> llama-70b,political,missing,,,,,,,False
llama-8b -> llama-70b,workplace,missing,,,,,,,False
qwen-9b -> qwen-122b,neutral_own,tested,0.09218823902294744,0.34589771564373784,0.22148499999999996,0.28482275,0.001,0.003,True
qwen-9b -> qwen-122b,political,tested,0.11792580336508374,0.23742055549031327,0.0910045,0.15144175,0.001,0.003,True
qwen-9b -> qwen-122b,workplace,tested,0.10428894019632037,0.23507069237884373,0.1035425,0.15908199999999997,0.001,0.003,True
gemma-26b -> gemma-31b,neutral_own,"excluded: noise gate failed, no passing backup (gemma-26b, gemma-31b)",,,,,,,False
gemma-26b -> gemma-31b,political,"excluded: noise gate failed, no passing backup (gemma-26b, gemma-31b)",,,,,,,False
gemma-26b -> gemma-31b,workplace,"excluded: noise gate failed, no passing backup (gemma-26b, gemma-31b)",,,,,,,False
nemo-12b -> mistral-large,neutral_own,missing,,,,,,,False
nemo-12b -> mistral-large,political,missing,,,,,,,False
nemo-12b -> mistral-large,workplace,missing,,,,,,,False
