family_pair,arm,beta_small,beta_large,diff_lo,diff_hi,p_one_sided,status,holm,significant
llama-8b -> llama-70b,neutral_own,0.04083971952268543,0.6498916778288844,0.526072,0.72183225,0.001,excluded: does not parse task (llama-8b),,False
llama-8b -> llama-70b,political,0.04998307155755867,0.7814015703287489,0.579031,0.9670207499999999,0.001,excluded: does not parse task (llama-8b),,False
llama-8b -> llama-70b,workplace,0.05786360253713915,0.6294442589319473,0.4762462499999999,0.7137495,0.001,excluded: does not parse task (llama-8b),,False
qwen-9b -> qwen-122b,neutral_own,0.09218823902294744,0.34589771564373784,0.22311275,0.2862515,0.001,tested,0.009000000000000001,True
qwen-9b -> qwen-122b,political,0.11792580336508374,0.23742055549031327,0.09006124999999998,0.15107200000000004,0.001,tested,0.009000000000000001,True
qwen-9b -> qwen-122b,workplace,0.10428894019632037,0.23507069237884373,0.10530424999999999,0.160403,0.001,tested,0.009000000000000001,True
gemma-26b -> gemma-31b,neutral_own,0.7015057983504256,1.0941060706054913,0.22598575,0.5804182499999999,0.001,tested,0.009000000000000001,True
gemma-26b -> gemma-31b,political,0.29966509321724544,0.9377962451389255,0.45348399999999994,0.9033107499999999,0.001,tested,0.009000000000000001,True
gemma-26b -> gemma-31b,workplace,0.3130794668328363,0.8112392635078575,0.35907825,0.6479105000000001,0.001,tested,0.009000000000000001,True
nemo-12b -> mistral-large,neutral_own,0.07263800499467718,0.2966998132709494,0.1533655,0.32102574999999994,0.001,tested,0.009000000000000001,True
nemo-12b -> mistral-large,political,0.210190485602981,0.39835041284670847,0.09573475,0.3091055,0.001,tested,0.009000000000000001,True
nemo-12b -> mistral-large,workplace,0.20585645739904415,0.5194293683110145,0.23123025,0.42321125,0.001,tested,0.009000000000000001,True
